id,date,incident_type,severity,status,description,reported_by,created_at
1,9/17/2023,phishing,low,investigating,Incident 1 description,Evan,11/28/2025 8:23
2,6/5/2024,unauthorized_access,low,resolved,Incident 2 description,Bob,11/28/2025 8:23
3,11/29/2024,ddos,critical,investigating,Incident 3 description,Fiona,11/28/2025 8:23
4,7/3/2024,ddos,critical,resolved,Incident 4 description,Alice,11/28/2025 8:23
5,2/23/2023,ddos,high,open,Incident 5 description,Evan,11/28/2025 8:23
6,7/3/2023,ransomware,low,resolved,Incident 6 description,Fiona,11/28/2025 8:23
7,11/12/2023,data_breach,medium,resolved,Incident 7 description,Fiona,11/28/2025 8:23
8,11/10/2023,ddos,medium,open,Incident 8 description,Bob,11/28/2025 8:23
9,4/21/2024,data_breach,high,closed,Incident 9 description,Alice,11/28/2025 8:23
10,1/28/2024,data_breach,medium,investigating,Incident 10 description,Alice,11/28/2025 8:23
11,10/11/2024,ransomware,low,resolved,Incident 11 description,Fiona,11/28/2025 8:23
12,6/9/2023,data_breach,high,resolved,Incident 12 description,Evan,11/28/2025 8:23
13,3/29/2023,phishing,medium,investigating,Incident 13 description,Charlie,11/28/2025 8:23
14,9/8/2023,unauthorized_access,low,resolved,Incident 14 description,Dana,11/28/2025 8:23
15,4/2/2023,malware,critical,open,Incident 15 description,Dana,11/28/2025 8:23
16,10/30/2024,unauthorized_access,medium,open,Incident 16 description,Charlie,11/28/2025 8:23
17,7/14/2024,phishing,critical,closed,Incident 17 description,Charlie,11/28/2025 8:23
18,8/23/2024,phishing,high,resolved,Incident 18 description,Fiona,11/28/2025 8:23
19,4/2/2023,unauthorized_access,critical,investigating,Incident 19 description,Charlie,11/28/2025 8:23
20,1/14/2024,data_breach,low,closed,Incident 20 description,Evan,11/28/2025 8:23
21,2/7/2023,phishing,critical,investigating,Incident 21 description,Bob,11/28/2025 8:23
22,3/19/2024,ransomware,low,investigating,Incident 22 description,Fiona,11/28/2025 8:23
23,5/31/2024,ransomware,critical,resolved,Incident 23 description,Fiona,11/28/2025 8:23
24,2/14/2024,phishing,high,investigating,Incident 24 description,Dana,11/28/2025 8:23
25,7/10/2023,ransomware,critical,closed,Incident 25 description,Charlie,11/28/2025 8:23
26,5/29/2023,ddos,critical,investigating,Incident 26 description,Dana,11/28/2025 8:23
27,5/24/2024,phishing,low,open,Incident 27 description,Evan,11/28/2025 8:23
28,7/29/2024,data_breach,high,closed,Incident 28 description,Fiona,11/28/2025 8:23
29,6/14/2023,phishing,high,closed,Incident 29 description,Fiona,11/28/2025 8:23
30,9/25/2023,ddos,critical,investigating,Incident 30 description,Dana,11/28/2025 8:23
31,9/16/2023,malware,medium,resolved,Incident 31 description,Alice,11/28/2025 8:23
32,10/12/2024,ddos,high,open,Incident 32 description,Charlie,11/28/2025 8:23
33,3/17/2023,data_breach,high,resolved,Incident 33 description,Bob,11/28/2025 8:23
34,2/22/2024,ransomware,critical,investigating,Incident 34 description,Dana,11/28/2025 8:23
35,4/7/2023,ddos,low,investigating,Incident 35 description,Charlie,11/28/2025 8:23
36,3/5/2024,phishing,medium,open,Incident 36 description,Bob,11/28/2025 8:23
37,2/29/2024,ransomware,critical,investigating,Incident 37 description,Bob,11/28/2025 8:23
38,3/12/2024,ddos,low,investigating,Incident 38 description,Charlie,11/28/2025 8:23
39,2/10/2023,phishing,critical,resolved,Incident 39 description,Dana,11/28/2025 8:23
40,8/6/2024,ddos,medium,resolved,Incident 40 description,Bob,11/28/2025 8:23
41,9/7/2024,unauthorized_access,medium,investigating,Incident 41 description,Bob,11/28/2025 8:23
42,10/18/2023,phishing,medium,closed,Incident 42 description,Evan,11/28/2025 8:23
43,6/12/2024,phishing,critical,resolved,Incident 43 description,Bob,11/28/2025 8:23
44,1/6/2024,unauthorized_access,low,closed,Incident 44 description,Bob,11/28/2025 8:23
45,1/22/2023,malware,high,resolved,Incident 45 description,Alice,11/28/2025 8:23
46,6/8/2024,malware,high,resolved,Incident 46 description,Fiona,11/28/2025 8:23
47,4/28/2023,data_breach,critical,investigating,Incident 47 description,Evan,11/28/2025 8:23
48,4/23/2023,phishing,critical,closed,Incident 48 description,Dana,11/28/2025 8:23
49,2/27/2023,unauthorized_access,medium,resolved,Incident 49 description,Evan,11/28/2025 8:23
50,8/14/2023,data_breach,medium,investigating,Incident 50 description,Dana,11/28/2025 8:23
51,4/12/2023,data_breach,medium,open,Incident 51 description,Fiona,11/28/2025 8:23
52,9/13/2023,ddos,critical,closed,Incident 52 description,Charlie,11/28/2025 8:23
53,8/30/2024,unauthorized_access,low,closed,Incident 53 description,Alice,11/28/2025 8:23
54,9/22/2024,phishing,low,open,Incident 54 description,Bob,11/28/2025 8:23
55,11/1/2023,unauthorized_access,medium,closed,Incident 55 description,Evan,11/28/2025 8:23
56,6/16/2024,phishing,low,open,Incident 56 description,Evan,11/28/2025 8:23
57,6/18/2023,unauthorized_access,critical,investigating,Incident 57 description,Alice,11/28/2025 8:23
58,3/18/2024,data_breach,high,investigating,Incident 58 description,Evan,11/28/2025 8:23
59,10/3/2024,unauthorized_access,critical,investigating,Incident 59 description,Alice,11/28/2025 8:23
60,2/19/2023,phishing,high,resolved,Incident 60 description,Charlie,11/28/2025 8:23
61,1/20/2023,phishing,critical,resolved,Incident 61 description,Charlie,11/28/2025 8:23
62,6/16/2024,malware,medium,investigating,Incident 62 description,Dana,11/28/2025 8:23
63,6/26/2024,ddos,critical,open,Incident 63 description,Bob,11/28/2025 8:23
64,11/1/2023,ddos,critical,open,Incident 64 description,Bob,11/28/2025 8:23
65,3/23/2023,phishing,critical,open,Incident 65 description,Alice,11/28/2025 8:23
66,1/16/2023,malware,medium,closed,Incident 66 description,Alice,11/28/2025 8:23
67,8/4/2023,ransomware,critical,closed,Incident 67 description,Evan,11/28/2025 8:23
68,6/1/2023,phishing,critical,closed,Incident 68 description,Evan,11/28/2025 8:23
69,1/11/2024,data_breach,critical,closed,Incident 69 description,Alice,11/28/2025 8:23
70,8/23/2024,malware,critical,resolved,Incident 70 description,Alice,11/28/2025 8:23
71,12/23/2023,ddos,high,resolved,Incident 71 description,Dana,11/28/2025 8:23
72,10/26/2023,unauthorized_access,medium,resolved,Incident 72 description,Fiona,11/28/2025 8:23
73,4/7/2023,ddos,high,investigating,Incident 73 description,Alice,11/28/2025 8:23
74,8/14/2024,ransomware,medium,open,Incident 74 description,Charlie,11/28/2025 8:23
75,10/29/2023,phishing,high,resolved,Incident 75 description,Alice,11/28/2025 8:23
76,10/2/2024,ddos,low,investigating,Incident 76 description,Dana,11/28/2025 8:23
77,11/19/2023,ddos,critical,open,Incident 77 description,Evan,11/28/2025 8:23
78,5/20/2024,data_breach,medium,closed,Incident 78 description,Charlie,11/28/2025 8:23
79,5/9/2024,phishing,critical,investigating,Incident 79 description,Evan,11/28/2025 8:23
80,4/21/2024,phishing,critical,closed,Incident 80 description,Dana,11/28/2025 8:23
81,6/7/2023,ddos,medium,open,Incident 81 description,Alice,11/28/2025 8:23
82,10/2/2023,data_breach,medium,open,Incident 82 description,Charlie,11/28/2025 8:23
83,12/4/2023,malware,low,closed,Incident 83 description,Dana,11/28/2025 8:23
84,11/22/2024,data_breach,high,resolved,Incident 84 description,Alice,11/28/2025 8:23
85,8/28/2024,data_breach,high,open,Incident 85 description,Alice,11/28/2025 8:23
86,8/26/2024,data_breach,critical,investigating,Incident 86 description,Dana,11/28/2025 8:23
87,2/28/2024,data_breach,critical,open,Incident 87 description,Fiona,11/28/2025 8:23
88,6/22/2024,data_breach,critical,closed,Incident 88 description,Dana,11/28/2025 8:23
89,2/8/2024,unauthorized_access,low,investigating,Incident 89 description,Dana,11/28/2025 8:23
90,10/14/2023,ransomware,medium,closed,Incident 90 description,Alice,11/28/2025 8:23
91,12/5/2023,data_breach,low,investigating,Incident 91 description,Charlie,11/28/2025 8:23
92,1/29/2024,ransomware,critical,closed,Incident 92 description,Fiona,11/28/2025 8:23
93,9/22/2023,phishing,low,investigating,Incident 93 description,Dana,11/28/2025 8:23
94,9/24/2024,data_breach,critical,investigating,Incident 94 description,Evan,11/28/2025 8:23
95,4/17/2023,phishing,low,investigating,Incident 95 description,Fiona,11/28/2025 8:23
96,6/12/2024,data_breach,medium,investigating,Incident 96 description,Charlie,11/28/2025 8:23
97,11/23/2023,ransomware,medium,investigating,Incident 97 description,Charlie,11/28/2025 8:23
98,2/29/2024,ddos,medium,open,Incident 98 description,Alice,11/28/2025 8:23
99,7/5/2023,ddos,medium,resolved,Incident 99 description,Charlie,11/28/2025 8:23
100,3/21/2023,unauthorized_access,low,closed,Incident 100 description,Bob,11/28/2025 8:23
101,11/17/2023,malware,high,investigating,Incident 101 description,Charlie,11/28/2025 8:23
102,1/1/2024,data_breach,medium,open,Incident 102 description,Dana,11/28/2025 8:23
103,5/16/2023,ddos,medium,resolved,Incident 103 description,Evan,11/28/2025 8:23
104,6/8/2023,ransomware,low,resolved,Incident 104 description,Alice,11/28/2025 8:23
105,9/11/2023,phishing,high,open,Incident 105 description,Fiona,11/28/2025 8:23
106,5/14/2023,data_breach,critical,closed,Incident 106 description,Alice,11/28/2025 8:23
107,3/8/2023,malware,medium,resolved,Incident 107 description,Bob,11/28/2025 8:23
108,9/26/2023,data_breach,high,investigating,Incident 108 description,Fiona,11/28/2025 8:23
109,7/31/2024,unauthorized_access,medium,closed,Incident 109 description,Charlie,11/28/2025 8:23
110,5/13/2023,malware,low,open,Incident 110 description,Charlie,11/28/2025 8:23
111,2/26/2024,ddos,low,open,Incident 111 description,Alice,11/28/2025 8:23
112,5/19/2023,data_breach,low,open,Incident 112 description,Fiona,11/28/2025 8:23
113,9/19/2024,ddos,medium,resolved,Incident 113 description,Evan,11/28/2025 8:23
114,3/15/2023,malware,medium,resolved,Incident 114 description,Bob,11/28/2025 8:23
115,2/10/2024,ransomware,high,open,Incident 115 description,Charlie,11/28/2025 8:23
116,11/11/2023,ransomware,low,investigating,Incident 116 description,Bob,11/28/2025 8:23
117,12/4/2023,malware,high,resolved,Incident 117 description,Evan,11/28/2025 8:23
118,9/23/2023,ddos,high,open,Incident 118 description,Charlie,11/28/2025 8:23
119,5/7/2023,data_breach,low,resolved,Incident 119 description,Alice,11/28/2025 8:23
120,7/4/2024,ddos,low,resolved,Incident 120 description,Dana,11/28/2025 8:23
121,2/13/2023,data_breach,medium,open,Incident 121 description,Alice,11/28/2025 8:23
122,10/22/2023,ransomware,low,open,Incident 122 description,Fiona,11/28/2025 8:23
123,1/3/2024,malware,high,closed,Incident 123 description,Bob,11/28/2025 8:23
124,8/9/2024,ddos,critical,resolved,Incident 124 description,Evan,11/28/2025 8:23
125,6/5/2023,ddos,low,closed,Incident 125 description,Bob,11/28/2025 8:23
126,4/21/2023,ransomware,medium,resolved,Incident 126 description,Alice,11/28/2025 8:23
127,1/28/2023,ddos,critical,open,Incident 127 description,Charlie,11/28/2025 8:23
128,10/19/2024,ransomware,low,resolved,Incident 128 description,Bob,11/28/2025 8:23
129,9/3/2024,phishing,high,resolved,Incident 129 description,Evan,11/28/2025 8:23
130,10/4/2023,unauthorized_access,high,open,Incident 130 description,Bob,11/28/2025 8:23
131,1/11/2023,unauthorized_access,low,open,Incident 131 description,Alice,11/28/2025 8:23
132,4/24/2023,data_breach,low,investigating,Incident 132 description,Charlie,11/28/2025 8:23
133,11/1/2024,data_breach,high,resolved,Incident 133 description,Evan,11/28/2025 8:23
134,6/16/2024,malware,medium,resolved,Incident 134 description,Alice,11/28/2025 8:23
135,11/25/2023,data_breach,low,resolved,Incident 135 description,Alice,11/28/2025 8:23
136,9/30/2023,unauthorized_access,low,closed,Incident 136 description,Fiona,11/28/2025 8:23
137,12/15/2023,ddos,critical,resolved,Incident 137 description,Alice,11/28/2025 8:23
138,10/14/2024,data_breach,critical,open,Incident 138 description,Bob,11/28/2025 8:23
139,3/11/2023,malware,high,closed,Incident 139 description,Fiona,11/28/2025 8:23
140,5/29/2023,ransomware,medium,investigating,Incident 140 description,Fiona,11/28/2025 8:23
141,11/4/2024,malware,critical,closed,Incident 141 description,Fiona,11/28/2025 8:23
142,11/22/2023,ransomware,low,open,Incident 142 description,Dana,11/28/2025 8:23
143,5/24/2023,data_breach,critical,closed,Incident 143 description,Evan,11/28/2025 8:23
144,6/26/2024,unauthorized_access,critical,resolved,Incident 144 description,Dana,11/28/2025 8:23
145,2/16/2023,ransomware,high,resolved,Incident 145 description,Alice,11/28/2025 8:23
146,4/29/2024,malware,medium,investigating,Incident 146 description,Charlie,11/28/2025 8:23
147,1/9/2023,ddos,low,open,Incident 147 description,Bob,11/28/2025 8:23
148,10/18/2023,data_breach,medium,open,Incident 148 description,Charlie,11/28/2025 8:23
149,5/30/2023,phishing,high,resolved,Incident 149 description,Bob,11/28/2025 8:23
150,9/30/2024,ddos,critical,open,Incident 150 description,Evan,11/28/2025 8:23
151,12/15/2023,malware,medium,closed,Incident 151 description,Dana,11/28/2025 8:23
152,1/11/2023,data_breach,medium,resolved,Incident 152 description,Charlie,11/28/2025 8:23
153,1/11/2024,malware,medium,closed,Incident 153 description,Dana,11/28/2025 8:23
154,5/26/2024,unauthorized_access,high,closed,Incident 154 description,Alice,11/28/2025 8:23
155,6/18/2023,malware,medium,open,Incident 155 description,Charlie,11/28/2025 8:23
156,8/29/2024,unauthorized_access,medium,resolved,Incident 156 description,Dana,11/28/2025 8:23
157,6/2/2024,unauthorized_access,medium,closed,Incident 157 description,Charlie,11/28/2025 8:23
158,9/29/2023,phishing,critical,resolved,Incident 158 description,Bob,11/28/2025 8:23
159,4/13/2023,unauthorized_access,critical,closed,Incident 159 description,Dana,11/28/2025 8:23
160,12/19/2023,phishing,low,closed,Incident 160 description,Alice,11/28/2025 8:23
161,9/3/2024,data_breach,low,investigating,Incident 161 description,Bob,11/28/2025 8:23
162,4/29/2023,ransomware,medium,investigating,Incident 162 description,Charlie,11/28/2025 8:23
163,6/3/2023,ddos,low,open,Incident 163 description,Fiona,11/28/2025 8:23
164,5/5/2024,malware,medium,open,Incident 164 description,Fiona,11/28/2025 8:23
165,7/29/2024,malware,medium,closed,Incident 165 description,Alice,11/28/2025 8:23
166,6/18/2023,ddos,critical,open,Incident 166 description,Charlie,11/28/2025 8:23
167,5/3/2023,malware,low,open,Incident 167 description,Bob,11/28/2025 8:23
168,3/26/2023,data_breach,high,resolved,Incident 168 description,Bob,11/28/2025 8:23
169,12/2/2023,phishing,high,resolved,Incident 169 description,Evan,11/28/2025 8:23
170,11/18/2023,ddos,medium,open,Incident 170 description,Bob,11/28/2025 8:23
171,7/14/2024,ddos,high,open,Incident 171 description,Bob,11/28/2025 8:23
172,6/7/2023,phishing,high,closed,Incident 172 description,Evan,11/28/2025 8:23
173,12/28/2023,malware,high,closed,Incident 173 description,Bob,11/28/2025 8:23
174,4/16/2023,ransomware,high,investigating,Incident 174 description,Alice,11/28/2025 8:23
175,9/26/2024,malware,low,resolved,Incident 175 description,Fiona,11/28/2025 8:23
176,8/17/2023,data_breach,medium,open,Incident 176 description,Bob,11/28/2025 8:23
177,4/7/2024,ransomware,low,investigating,Incident 177 description,Alice,11/28/2025 8:23
178,8/5/2023,ransomware,high,closed,Incident 178 description,Charlie,11/28/2025 8:23
179,11/12/2024,ransomware,high,closed,Incident 179 description,Bob,11/28/2025 8:23
180,7/19/2023,ddos,medium,investigating,Incident 180 description,Dana,11/28/2025 8:23
181,4/9/2024,phishing,high,resolved,Incident 181 description,Charlie,11/28/2025 8:23
182,4/29/2023,malware,high,closed,Incident 182 description,Alice,11/28/2025 8:23
183,7/17/2023,data_breach,medium,open,Incident 183 description,Dana,11/28/2025 8:23
184,5/14/2023,malware,critical,closed,Incident 184 description,Evan,11/28/2025 8:23
185,9/12/2023,unauthorized_access,critical,resolved,Incident 185 description,Alice,11/28/2025 8:23
186,7/9/2023,ddos,high,closed,Incident 186 description,Alice,11/28/2025 8:23
187,3/13/2023,phishing,low,investigating,Incident 187 description,Dana,11/28/2025 8:23
188,6/26/2023,malware,critical,closed,Incident 188 description,Charlie,11/28/2025 8:23
189,10/15/2024,ddos,medium,open,Incident 189 description,Fiona,11/28/2025 8:23
190,10/1/2023,ddos,critical,open,Incident 190 description,Evan,11/28/2025 8:23
191,3/31/2024,unauthorized_access,high,closed,Incident 191 description,Charlie,11/28/2025 8:23
192,8/2/2023,malware,high,investigating,Incident 192 description,Charlie,11/28/2025 8:23
193,3/17/2024,malware,medium,investigating,Incident 193 description,Alice,11/28/2025 8:23
194,9/19/2024,phishing,high,open,Incident 194 description,Fiona,11/28/2025 8:23
195,1/26/2023,data_breach,critical,investigating,Incident 195 description,Alice,11/28/2025 8:23
196,11/11/2024,malware,medium,open,Incident 196 description,Evan,11/28/2025 8:23
197,12/27/2023,ddos,high,open,Incident 197 description,Alice,11/28/2025 8:23
198,6/15/2023,ransomware,high,resolved,Incident 198 description,Fiona,11/28/2025 8:23
199,3/12/2024,malware,low,closed,Incident 199 description,Evan,11/28/2025 8:23
200,8/6/2024,ransomware,medium,investigating,Incident 200 description,Alice,11/28/2025 8:23
201,3/6/2024,unauthorized_access,high,resolved,Incident 201 description,Evan,11/28/2025 8:23
202,9/26/2023,data_breach,medium,closed,Incident 202 description,Fiona,11/28/2025 8:23
203,5/23/2023,data_breach,critical,open,Incident 203 description,Fiona,11/28/2025 8:23
204,10/1/2024,malware,medium,resolved,Incident 204 description,Fiona,11/28/2025 8:23
205,1/7/2024,data_breach,medium,closed,Incident 205 description,Bob,11/28/2025 8:23
206,5/28/2023,ddos,critical,resolved,Incident 206 description,Evan,11/28/2025 8:23
207,7/11/2024,data_breach,high,open,Incident 207 description,Bob,11/28/2025 8:23
208,9/27/2024,unauthorized_access,critical,closed,Incident 208 description,Dana,11/28/2025 8:23
209,6/24/2023,malware,low,open,Incident 209 description,Alice,11/28/2025 8:23
210,8/7/2023,data_breach,low,open,Incident 210 description,Dana,11/28/2025 8:23
211,3/24/2023,malware,medium,closed,Incident 211 description,Alice,11/28/2025 8:23
212,8/16/2024,ddos,high,open,Incident 212 description,Charlie,11/28/2025 8:23
213,6/27/2024,unauthorized_access,medium,resolved,Incident 213 description,Alice,11/28/2025 8:23
214,2/6/2024,ddos,low,closed,Incident 214 description,Evan,11/28/2025 8:23
215,8/21/2023,unauthorized_access,high,open,Incident 215 description,Alice,11/28/2025 8:23
216,9/3/2024,data_breach,low,closed,Incident 216 description,Fiona,11/28/2025 8:23
217,1/16/2024,unauthorized_access,low,investigating,Incident 217 description,Fiona,11/28/2025 8:23
218,2/21/2024,unauthorized_access,high,closed,Incident 218 description,Alice,11/28/2025 8:23
219,3/10/2023,unauthorized_access,medium,investigating,Incident 219 description,Bob,11/28/2025 8:23
220,10/30/2023,unauthorized_access,high,resolved,Incident 220 description,Bob,11/28/2025 8:23
221,2/25/2024,unauthorized_access,critical,open,Incident 221 description,Dana,11/28/2025 8:23
222,9/28/2024,ddos,medium,closed,Incident 222 description,Evan,11/28/2025 8:23
223,11/26/2023,unauthorized_access,low,open,Incident 223 description,Fiona,11/28/2025 8:23
224,8/22/2024,ddos,high,investigating,Incident 224 description,Fiona,11/28/2025 8:23
225,4/22/2023,unauthorized_access,critical,resolved,Incident 225 description,Alice,11/28/2025 8:23
226,5/21/2023,ransomware,medium,resolved,Incident 226 description,Bob,11/28/2025 8:23
227,5/27/2024,ddos,high,resolved,Incident 227 description,Alice,11/28/2025 8:23
228,10/23/2023,ddos,high,investigating,Incident 228 description,Evan,11/28/2025 8:23
229,11/5/2023,unauthorized_access,low,closed,Incident 229 description,Dana,11/28/2025 8:23
230,8/21/2023,unauthorized_access,medium,resolved,Incident 230 description,Charlie,11/28/2025 8:23
231,3/12/2024,malware,medium,closed,Incident 231 description,Evan,11/28/2025 8:23
232,2/28/2024,phishing,low,investigating,Incident 232 description,Fiona,11/28/2025 8:23
233,11/6/2023,unauthorized_access,high,resolved,Incident 233 description,Fiona,11/28/2025 8:23
234,8/5/2024,ransomware,low,open,Incident 234 description,Evan,11/28/2025 8:23
235,11/5/2023,data_breach,medium,closed,Incident 235 description,Charlie,11/28/2025 8:23
236,9/12/2024,ddos,medium,closed,Incident 236 description,Evan,11/28/2025 8:23
237,6/11/2024,unauthorized_access,critical,closed,Incident 237 description,Bob,11/28/2025 8:23
238,7/31/2024,data_breach,low,resolved,Incident 238 description,Bob,11/28/2025 8:23
239,4/11/2023,phishing,low,closed,Incident 239 description,Dana,11/28/2025 8:23
240,12/2/2023,unauthorized_access,medium,resolved,Incident 240 description,Dana,11/28/2025 8:23
241,4/12/2023,data_breach,critical,open,Incident 241 description,Dana,11/28/2025 8:23
242,7/21/2024,ransomware,low,closed,Incident 242 description,Fiona,11/28/2025 8:23
243,1/22/2024,ddos,medium,investigating,Incident 243 description,Alice,11/28/2025 8:23
244,3/8/2024,ddos,critical,open,Incident 244 description,Dana,11/28/2025 8:23
245,7/15/2023,ransomware,medium,open,Incident 245 description,Fiona,11/28/2025 8:23
246,8/26/2023,ddos,low,resolved,Incident 246 description,Alice,11/28/2025 8:23
247,6/11/2023,ransomware,high,open,Incident 247 description,Charlie,11/28/2025 8:23
248,4/17/2023,unauthorized_access,low,investigating,Incident 248 description,Fiona,11/28/2025 8:23
249,2/29/2024,ransomware,high,closed,Incident 249 description,Charlie,11/28/2025 8:23
250,7/19/2024,ransomware,medium,closed,Incident 250 description,Charlie,11/28/2025 8:23
251,10/28/2024,ransomware,low,closed,Incident 251 description,Evan,11/28/2025 8:23
252,10/16/2023,unauthorized_access,high,closed,Incident 252 description,Dana,11/28/2025 8:23
253,1/12/2024,ransomware,critical,closed,Incident 253 description,Dana,11/28/2025 8:23
254,1/31/2023,malware,low,resolved,Incident 254 description,Fiona,11/28/2025 8:23
255,8/4/2024,malware,high,open,Incident 255 description,Evan,11/28/2025 8:23
256,2/17/2024,unauthorized_access,low,investigating,Incident 256 description,Charlie,11/28/2025 8:23
257,12/8/2023,malware,low,closed,Incident 257 description,Fiona,11/28/2025 8:23
258,12/17/2023,ransomware,medium,investigating,Incident 258 description,Dana,11/28/2025 8:23
259,5/18/2023,ransomware,critical,closed,Incident 259 description,Evan,11/28/2025 8:23
260,2/12/2023,ransomware,high,open,Incident 260 description,Fiona,11/28/2025 8:23
261,5/2/2023,ransomware,medium,resolved,Incident 261 description,Bob,11/28/2025 8:23
262,8/2/2024,ddos,high,investigating,Incident 262 description,Evan,11/28/2025 8:23
263,3/7/2023,ddos,high,closed,Incident 263 description,Bob,11/28/2025 8:23
264,1/2/2024,malware,high,open,Incident 264 description,Dana,11/28/2025 8:23
265,9/7/2023,data_breach,low,investigating,Incident 265 description,Bob,11/28/2025 8:23
266,7/2/2023,phishing,medium,open,Incident 266 description,Alice,11/28/2025 8:23
267,9/21/2023,ddos,critical,investigating,Incident 267 description,Evan,11/28/2025 8:23
268,2/19/2024,malware,high,open,Incident 268 description,Alice,11/28/2025 8:23
269,2/8/2023,unauthorized_access,high,open,Incident 269 description,Fiona,11/28/2025 8:23
270,1/23/2023,ransomware,low,investigating,Incident 270 description,Fiona,11/28/2025 8:23
271,9/25/2023,ransomware,medium,closed,Incident 271 description,Fiona,11/28/2025 8:23
272,10/4/2024,data_breach,low,resolved,Incident 272 description,Bob,11/28/2025 8:23
273,12/18/2023,malware,high,closed,Incident 273 description,Bob,11/28/2025 8:23
274,9/9/2024,ddos,low,resolved,Incident 274 description,Dana,11/28/2025 8:23
275,8/30/2024,unauthorized_access,high,resolved,Incident 275 description,Bob,11/28/2025 8:23
276,5/12/2023,ddos,low,resolved,Incident 276 description,Alice,11/28/2025 8:23
277,4/7/2023,unauthorized_access,critical,resolved,Incident 277 description,Fiona,11/28/2025 8:23
278,9/11/2024,phishing,critical,investigating,Incident 278 description,Charlie,11/28/2025 8:23
279,9/1/2023,phishing,low,resolved,Incident 279 description,Fiona,11/28/2025 8:23
280,12/17/2023,data_breach,critical,investigating,Incident 280 description,Evan,11/28/2025 8:23
281,1/13/2023,malware,high,resolved,Incident 281 description,Evan,11/28/2025 8:23
282,5/2/2023,unauthorized_access,critical,open,Incident 282 description,Charlie,11/28/2025 8:23
283,11/24/2023,ransomware,low,closed,Incident 283 description,Fiona,11/28/2025 8:23
284,4/26/2023,malware,medium,resolved,Incident 284 description,Dana,11/28/2025 8:23
285,10/22/2024,ransomware,low,closed,Incident 285 description,Evan,11/28/2025 8:23
286,4/15/2024,phishing,medium,resolved,Incident 286 description,Fiona,11/28/2025 8:23
287,3/7/2023,phishing,low,resolved,Incident 287 description,Fiona,11/28/2025 8:23
288,3/25/2023,ransomware,low,investigating,Incident 288 description,Fiona,11/28/2025 8:23
289,4/23/2023,phishing,critical,resolved,Incident 289 description,Charlie,11/28/2025 8:23
290,11/14/2023,data_breach,high,investigating,Incident 290 description,Dana,11/28/2025 8:23
291,11/3/2024,malware,high,open,Incident 291 description,Bob,11/28/2025 8:23
292,3/9/2023,data_breach,low,investigating,Incident 292 description,Fiona,11/28/2025 8:23
293,7/9/2023,unauthorized_access,medium,investigating,Incident 293 description,Bob,11/28/2025 8:23
294,7/27/2023,data_breach,high,investigating,Incident 294 description,Evan,11/28/2025 8:23
295,5/22/2023,ransomware,medium,open,Incident 295 description,Bob,11/28/2025 8:23
296,8/31/2023,unauthorized_access,low,open,Incident 296 description,Charlie,11/28/2025 8:23
297,7/19/2024,data_breach,low,open,Incident 297 description,Charlie,11/28/2025 8:23
298,2/27/2024,ransomware,critical,resolved,Incident 298 description,Alice,11/28/2025 8:23
299,9/18/2023,phishing,critical,open,Incident 299 description,Bob,11/28/2025 8:23
300,8/17/2024,malware,critical,open,Incident 300 description,Fiona,11/28/2025 8:23
301,9/8/2023,phishing,low,closed,Incident 301 description,Charlie,11/28/2025 8:23
302,11/17/2023,phishing,low,open,Incident 302 description,Fiona,11/28/2025 8:23
303,5/30/2024,data_breach,medium,investigating,Incident 303 description,Dana,11/28/2025 8:23
304,8/24/2024,malware,high,investigating,Incident 304 description,Charlie,11/28/2025 8:23
305,4/8/2023,data_breach,low,open,Incident 305 description,Charlie,11/28/2025 8:23
306,2/22/2023,malware,high,closed,Incident 306 description,Dana,11/28/2025 8:23
307,8/7/2024,ransomware,medium,resolved,Incident 307 description,Evan,11/28/2025 8:23
308,7/28/2023,unauthorized_access,high,open,Incident 308 description,Fiona,11/28/2025 8:23
309,1/12/2023,unauthorized_access,high,resolved,Incident 309 description,Charlie,11/28/2025 8:23
310,7/13/2024,ddos,medium,investigating,Incident 310 description,Alice,11/28/2025 8:23
311,9/29/2024,phishing,high,investigating,Incident 311 description,Evan,11/28/2025 8:23
312,3/28/2024,ddos,medium,open,Incident 312 description,Charlie,11/28/2025 8:23
313,11/14/2024,unauthorized_access,high,closed,Incident 313 description,Evan,11/28/2025 8:23
314,1/15/2024,malware,critical,closed,Incident 314 description,Bob,11/28/2025 8:23
315,2/22/2024,ransomware,low,investigating,Incident 315 description,Charlie,11/28/2025 8:23
316,5/2/2023,phishing,critical,resolved,Incident 316 description,Charlie,11/28/2025 8:23
317,3/17/2023,ddos,medium,resolved,Incident 317 description,Evan,11/28/2025 8:23
318,9/26/2023,phishing,high,investigating,Incident 318 description,Dana,11/28/2025 8:23
319,6/11/2024,ddos,low,resolved,Incident 319 description,Dana,11/28/2025 8:23
320,9/17/2024,unauthorized_access,low,investigating,Incident 320 description,Evan,11/28/2025 8:23
321,10/6/2023,ransomware,high,open,Incident 321 description,Evan,11/28/2025 8:23
322,11/20/2024,data_breach,critical,investigating,Incident 322 description,Alice,11/28/2025 8:23
323,1/13/2024,ransomware,critical,open,Incident 323 description,Fiona,11/28/2025 8:23
324,3/11/2023,malware,low,open,Incident 324 description,Dana,11/28/2025 8:23
325,8/3/2024,ddos,medium,open,Incident 325 description,Charlie,11/28/2025 8:23
326,5/13/2023,ransomware,low,resolved,Incident 326 description,Charlie,11/28/2025 8:23
327,2/4/2024,unauthorized_access,critical,closed,Incident 327 description,Evan,11/28/2025 8:23
328,8/4/2024,ddos,high,closed,Incident 328 description,Dana,11/28/2025 8:23
329,4/24/2023,malware,high,investigating,Incident 329 description,Fiona,11/28/2025 8:23
330,11/7/2023,unauthorized_access,low,resolved,Incident 330 description,Charlie,11/28/2025 8:23
331,4/5/2023,data_breach,medium,resolved,Incident 331 description,Dana,11/28/2025 8:23
332,9/4/2023,ransomware,high,resolved,Incident 332 description,Alice,11/28/2025 8:23
333,9/10/2024,data_breach,critical,open,Incident 333 description,Evan,11/28/2025 8:23
334,11/15/2023,unauthorized_access,low,investigating,Incident 334 description,Fiona,11/28/2025 8:23
335,5/14/2024,ddos,medium,open,Incident 335 description,Alice,11/28/2025 8:23
336,1/18/2023,ddos,critical,closed,Incident 336 description,Bob,11/28/2025 8:23
337,8/18/2024,malware,low,closed,Incident 337 description,Evan,11/28/2025 8:23
338,8/31/2023,data_breach,medium,investigating,Incident 338 description,Evan,11/28/2025 8:23
339,4/11/2024,ransomware,low,closed,Incident 339 description,Dana,11/28/2025 8:23
340,3/1/2024,unauthorized_access,low,investigating,Incident 340 description,Charlie,11/28/2025 8:23
341,2/22/2024,malware,high,resolved,Incident 341 description,Charlie,11/28/2025 8:23
342,5/30/2024,data_breach,high,closed,Incident 342 description,Fiona,11/28/2025 8:23
343,9/14/2023,malware,medium,closed,Incident 343 description,Fiona,11/28/2025 8:23
344,6/28/2024,malware,low,resolved,Incident 344 description,Dana,11/28/2025 8:23
345,4/3/2024,ransomware,medium,open,Incident 345 description,Charlie,11/28/2025 8:23
346,9/12/2024,malware,low,resolved,Incident 346 description,Charlie,11/28/2025 8:23
347,6/13/2024,phishing,critical,open,Incident 347 description,Alice,11/28/2025 8:23
348,5/21/2024,ransomware,critical,closed,Incident 348 description,Charlie,11/28/2025 8:23
349,11/2/2024,malware,medium,investigating,Incident 349 description,Dana,11/28/2025 8:23
350,9/15/2024,ddos,critical,investigating,Incident 350 description,Fiona,11/28/2025 8:23
351,11/5/2023,phishing,low,open,Incident 351 description,Fiona,11/28/2025 8:23
352,3/23/2023,ddos,medium,investigating,Incident 352 description,Fiona,11/28/2025 8:23
353,1/9/2023,malware,low,closed,Incident 353 description,Fiona,11/28/2025 8:23
354,8/8/2024,phishing,low,closed,Incident 354 description,Dana,11/28/2025 8:23
355,1/9/2023,malware,low,open,Incident 355 description,Evan,11/28/2025 8:23
356,8/18/2024,data_breach,medium,closed,Incident 356 description,Fiona,11/28/2025 8:23
357,7/6/2024,unauthorized_access,high,open,Incident 357 description,Dana,11/28/2025 8:23
358,5/1/2023,unauthorized_access,critical,investigating,Incident 358 description,Charlie,11/28/2025 8:23
359,12/20/2023,phishing,critical,closed,Incident 359 description,Alice,11/28/2025 8:23
360,3/25/2024,phishing,critical,closed,Incident 360 description,Alice,11/28/2025 8:23
361,2/8/2024,phishing,high,investigating,Incident 361 description,Dana,11/28/2025 8:23
362,3/3/2024,ddos,high,investigating,Incident 362 description,Fiona,11/28/2025 8:23
363,9/4/2024,malware,critical,investigating,Incident 363 description,Charlie,11/28/2025 8:23
364,9/3/2024,phishing,medium,open,Incident 364 description,Bob,11/28/2025 8:23
365,3/11/2024,data_breach,medium,resolved,Incident 365 description,Fiona,11/28/2025 8:23
366,1/13/2024,phishing,high,resolved,Incident 366 description,Fiona,11/28/2025 8:23
367,6/26/2024,phishing,medium,investigating,Incident 367 description,Evan,11/28/2025 8:23
368,6/6/2024,ddos,low,resolved,Incident 368 description,Fiona,11/28/2025 8:23
369,9/13/2023,phishing,low,closed,Incident 369 description,Bob,11/28/2025 8:23
370,10/27/2023,ransomware,medium,investigating,Incident 370 description,Alice,11/28/2025 8:23
371,3/16/2023,data_breach,low,open,Incident 371 description,Charlie,11/28/2025 8:23
372,8/3/2023,ransomware,critical,open,Incident 372 description,Dana,11/28/2025 8:23
373,6/4/2024,phishing,high,investigating,Incident 373 description,Evan,11/28/2025 8:23
374,7/3/2023,data_breach,medium,investigating,Incident 374 description,Alice,11/28/2025 8:23
375,1/12/2024,unauthorized_access,medium,investigating,Incident 375 description,Bob,11/28/2025 8:23
376,11/10/2023,ransomware,high,closed,Incident 376 description,Alice,11/28/2025 8:23
377,4/17/2023,phishing,medium,resolved,Incident 377 description,Charlie,11/28/2025 8:23
378,11/10/2023,phishing,medium,resolved,Incident 378 description,Fiona,11/28/2025 8:23
379,8/11/2023,ransomware,high,open,Incident 379 description,Alice,11/28/2025 8:23
380,2/7/2023,unauthorized_access,critical,open,Incident 380 description,Fiona,11/28/2025 8:23
381,3/11/2023,ransomware,medium,closed,Incident 381 description,Bob,11/28/2025 8:23
382,12/16/2023,data_breach,critical,closed,Incident 382 description,Bob,11/28/2025 8:23
383,12/17/2023,data_breach,low,investigating,Incident 383 description,Bob,11/28/2025 8:23
384,4/22/2024,data_breach,critical,open,Incident 384 description,Dana,11/28/2025 8:23
385,4/22/2023,ddos,high,resolved,Incident 385 description,Fiona,11/28/2025 8:23
386,9/25/2024,ddos,medium,resolved,Incident 386 description,Charlie,11/28/2025 8:23
387,7/1/2023,phishing,high,open,Incident 387 description,Dana,11/28/2025 8:23
388,3/9/2024,unauthorized_access,critical,investigating,Incident 388 description,Bob,11/28/2025 8:23
389,3/30/2023,malware,medium,open,Incident 389 description,Alice,11/28/2025 8:23
390,10/15/2024,ddos,low,open,Incident 390 description,Evan,11/28/2025 8:23
391,11/29/2023,phishing,critical,resolved,Incident 391 description,Fiona,11/28/2025 8:23
392,1/7/2024,ransomware,high,investigating,Incident 392 description,Charlie,11/28/2025 8:23
393,7/29/2024,unauthorized_access,critical,open,Incident 393 description,Alice,11/28/2025 8:23
394,10/28/2023,unauthorized_access,medium,investigating,Incident 394 description,Bob,11/28/2025 8:23
395,3/14/2023,unauthorized_access,critical,open,Incident 395 description,Charlie,11/28/2025 8:23
396,6/19/2024,malware,low,open,Incident 396 description,Charlie,11/28/2025 8:23
397,4/23/2024,ransomware,low,open,Incident 397 description,Evan,11/28/2025 8:23
398,7/30/2024,malware,critical,closed,Incident 398 description,Fiona,11/28/2025 8:23
399,11/1/2024,ddos,low,open,Incident 399 description,Alice,11/28/2025 8:23
400,10/27/2024,phishing,high,investigating,Incident 400 description,Charlie,11/28/2025 8:23
401,10/5/2024,ransomware,low,resolved,Incident 401 description,Fiona,11/28/2025 8:23
402,10/10/2023,phishing,low,open,Incident 402 description,Alice,11/28/2025 8:23
403,2/24/2023,ddos,low,resolved,Incident 403 description,Charlie,11/28/2025 8:23
404,10/9/2023,unauthorized_access,high,resolved,Incident 404 description,Evan,11/28/2025 8:23
405,11/1/2024,ddos,low,closed,Incident 405 description,Evan,11/28/2025 8:23
406,8/6/2024,unauthorized_access,high,resolved,Incident 406 description,Bob,11/28/2025 8:23
407,3/1/2023,phishing,critical,open,Incident 407 description,Fiona,11/28/2025 8:23
408,12/1/2023,data_breach,medium,open,Incident 408 description,Bob,11/28/2025 8:23
409,11/5/2023,data_breach,medium,open,Incident 409 description,Bob,11/28/2025 8:23
410,9/22/2024,data_breach,medium,open,Incident 410 description,Alice,11/28/2025 8:23
411,8/4/2023,malware,critical,open,Incident 411 description,Bob,11/28/2025 8:23
412,3/23/2024,data_breach,medium,closed,Incident 412 description,Charlie,11/28/2025 8:23
413,12/7/2023,phishing,high,closed,Incident 413 description,Fiona,11/28/2025 8:23
414,5/5/2024,data_breach,critical,resolved,Incident 414 description,Charlie,11/28/2025 8:23
415,4/6/2023,malware,low,investigating,Incident 415 description,Fiona,11/28/2025 8:23
416,4/11/2024,ransomware,critical,investigating,Incident 416 description,Charlie,11/28/2025 8:23
417,11/30/2024,malware,low,closed,Incident 417 description,Bob,11/28/2025 8:23
418,2/20/2023,unauthorized_access,low,open,Incident 418 description,Dana,11/28/2025 8:23
419,3/29/2023,malware,high,closed,Incident 419 description,Evan,11/28/2025 8:23
420,3/26/2023,data_breach,critical,resolved,Incident 420 description,Alice,11/28/2025 8:23
421,1/29/2024,unauthorized_access,high,closed,Incident 421 description,Fiona,11/28/2025 8:23
422,11/22/2024,ransomware,low,closed,Incident 422 description,Fiona,11/28/2025 8:23
423,9/24/2024,data_breach,high,investigating,Incident 423 description,Charlie,11/28/2025 8:23
424,1/4/2023,phishing,high,investigating,Incident 424 description,Alice,11/28/2025 8:23
425,7/17/2024,malware,low,open,Incident 425 description,Alice,11/28/2025 8:23
426,5/3/2024,ransomware,low,resolved,Incident 426 description,Dana,11/28/2025 8:23
427,9/7/2023,ransomware,low,open,Incident 427 description,Bob,11/28/2025 8:23
428,12/16/2023,unauthorized_access,medium,investigating,Incident 428 description,Bob,11/28/2025 8:23
429,3/1/2024,phishing,high,closed,Incident 429 description,Evan,11/28/2025 8:23
430,4/7/2024,malware,critical,investigating,Incident 430 description,Alice,11/28/2025 8:23
431,10/11/2023,ddos,medium,closed,Incident 431 description,Fiona,11/28/2025 8:23
432,3/5/2023,data_breach,medium,resolved,Incident 432 description,Charlie,11/28/2025 8:23
433,7/18/2023,phishing,critical,investigating,Incident 433 description,Bob,11/28/2025 8:23
434,8/11/2024,data_breach,high,closed,Incident 434 description,Fiona,11/28/2025 8:23
435,12/17/2023,ransomware,high,closed,Incident 435 description,Fiona,11/28/2025 8:23
436,1/19/2023,unauthorized_access,medium,closed,Incident 436 description,Evan,11/28/2025 8:23
437,1/20/2023,unauthorized_access,critical,resolved,Incident 437 description,Bob,11/28/2025 8:23
438,10/10/2024,ransomware,low,investigating,Incident 438 description,Fiona,11/28/2025 8:23
439,8/28/2023,malware,critical,resolved,Incident 439 description,Evan,11/28/2025 8:23
440,12/7/2023,unauthorized_access,low,open,Incident 440 description,Bob,11/28/2025 8:23
441,7/2/2024,data_breach,low,closed,Incident 441 description,Bob,11/28/2025 8:23
442,8/5/2023,malware,medium,resolved,Incident 442 description,Charlie,11/28/2025 8:23
443,4/11/2024,phishing,critical,open,Incident 443 description,Dana,11/28/2025 8:23
444,2/16/2023,malware,low,resolved,Incident 444 description,Charlie,11/28/2025 8:23
445,2/3/2024,malware,medium,resolved,Incident 445 description,Alice,11/28/2025 8:23
446,4/29/2024,phishing,low,closed,Incident 446 description,Charlie,11/28/2025 8:23
447,9/21/2023,ddos,high,open,Incident 447 description,Charlie,11/28/2025 8:23
448,10/17/2024,unauthorized_access,medium,investigating,Incident 448 description,Fiona,11/28/2025 8:23
449,8/13/2024,ddos,critical,investigating,Incident 449 description,Evan,11/28/2025 8:23
450,10/20/2023,phishing,high,open,Incident 450 description,Fiona,11/28/2025 8:23
451,1/2/2023,phishing,high,resolved,Incident 451 description,Bob,11/28/2025 8:23
452,8/13/2023,data_breach,medium,open,Incident 452 description,Bob,11/28/2025 8:23
453,7/31/2023,data_breach,medium,closed,Incident 453 description,Dana,11/28/2025 8:23
454,1/12/2024,malware,low,resolved,Incident 454 description,Fiona,11/28/2025 8:23
455,4/8/2023,malware,critical,resolved,Incident 455 description,Alice,11/28/2025 8:23
456,8/7/2024,phishing,medium,closed,Incident 456 description,Bob,11/28/2025 8:23
457,7/8/2023,malware,critical,open,Incident 457 description,Evan,11/28/2025 8:23
458,10/17/2023,data_breach,critical,closed,Incident 458 description,Bob,11/28/2025 8:23
459,2/6/2024,ddos,critical,closed,Incident 459 description,Charlie,11/28/2025 8:23
460,11/20/2024,malware,high,closed,Incident 460 description,Alice,11/28/2025 8:23
461,11/24/2023,phishing,medium,resolved,Incident 461 description,Charlie,11/28/2025 8:23
462,3/13/2023,unauthorized_access,high,resolved,Incident 462 description,Alice,11/28/2025 8:23
463,10/4/2023,ransomware,medium,open,Incident 463 description,Charlie,11/28/2025 8:23
464,8/4/2023,ddos,high,resolved,Incident 464 description,Fiona,11/28/2025 8:23
465,7/26/2023,ddos,low,investigating,Incident 465 description,Evan,11/28/2025 8:23
466,6/22/2024,data_breach,high,open,Incident 466 description,Alice,11/28/2025 8:23
467,10/27/2023,ransomware,medium,investigating,Incident 467 description,Evan,11/28/2025 8:23
468,6/8/2024,unauthorized_access,high,open,Incident 468 description,Fiona,11/28/2025 8:23
469,12/19/2023,data_breach,medium,open,Incident 469 description,Bob,11/28/2025 8:23
470,4/10/2023,ddos,medium,investigating,Incident 470 description,Fiona,11/28/2025 8:23
471,6/26/2024,data_breach,low,open,Incident 471 description,Alice,11/28/2025 8:23
472,2/23/2023,unauthorized_access,medium,closed,Incident 472 description,Dana,11/28/2025 8:23
473,5/6/2023,phishing,critical,investigating,Incident 473 description,Alice,11/28/2025 8:23
474,10/26/2023,malware,high,resolved,Incident 474 description,Charlie,11/28/2025 8:23
475,9/4/2024,phishing,high,open,Incident 475 description,Alice,11/28/2025 8:23
476,11/8/2024,ddos,high,closed,Incident 476 description,Evan,11/28/2025 8:23
477,7/3/2024,data_breach,high,closed,Incident 477 description,Charlie,11/28/2025 8:23
478,5/8/2024,malware,critical,investigating,Incident 478 description,Evan,11/28/2025 8:23
479,8/23/2023,malware,high,resolved,Incident 479 description,Dana,11/28/2025 8:23
480,10/21/2024,phishing,low,open,Incident 480 description,Alice,11/28/2025 8:23
481,10/28/2024,ransomware,medium,closed,Incident 481 description,Alice,11/28/2025 8:23
482,7/20/2023,phishing,medium,investigating,Incident 482 description,Dana,11/28/2025 8:23
483,11/16/2023,malware,medium,open,Incident 483 description,Evan,11/28/2025 8:23
484,5/27/2023,malware,medium,closed,Incident 484 description,Bob,11/28/2025 8:23
485,7/22/2023,ddos,high,open,Incident 485 description,Fiona,11/28/2025 8:23
486,9/21/2023,unauthorized_access,critical,investigating,Incident 486 description,Alice,11/28/2025 8:23
487,3/19/2024,ransomware,medium,closed,Incident 487 description,Charlie,11/28/2025 8:23
488,2/11/2024,ransomware,critical,open,Incident 488 description,Fiona,11/28/2025 8:23
489,3/19/2024,data_breach,low,closed,Incident 489 description,Fiona,11/28/2025 8:23
490,4/1/2024,unauthorized_access,low,investigating,Incident 490 description,Fiona,11/28/2025 8:23
491,2/8/2023,unauthorized_access,high,open,Incident 491 description,Bob,11/28/2025 8:23
492,8/17/2023,ransomware,critical,investigating,Incident 492 description,Alice,11/28/2025 8:23
493,4/6/2023,malware,high,investigating,Incident 493 description,Alice,11/28/2025 8:23
494,1/13/2023,malware,low,investigating,Incident 494 description,Bob,11/28/2025 8:23
495,7/26/2023,unauthorized_access,low,resolved,Incident 495 description,Evan,11/28/2025 8:23
496,11/21/2023,ransomware,critical,investigating,Incident 496 description,Fiona,11/28/2025 8:23
497,8/2/2023,data_breach,critical,resolved,Incident 497 description,Fiona,11/28/2025 8:23
498,1/19/2024,data_breach,medium,open,Incident 498 description,Alice,11/28/2025 8:23
499,10/4/2023,unauthorized_access,low,investigating,Incident 499 description,Charlie,11/28/2025 8:23
500,5/27/2023,ransomware,critical,investigating,Incident 500 description,Fiona,11/28/2025 8:23
501,8/16/2023,data_breach,low,closed,Incident 501 description,Alice,11/28/2025 8:23
502,4/30/2024,ddos,low,closed,Incident 502 description,Alice,11/28/2025 8:23
503,2/16/2023,data_breach,medium,investigating,Incident 503 description,Fiona,11/28/2025 8:23
504,2/3/2023,ddos,low,closed,Incident 504 description,Fiona,11/28/2025 8:23
505,6/9/2023,malware,medium,investigating,Incident 505 description,Alice,11/28/2025 8:23
506,5/22/2023,ddos,critical,resolved,Incident 506 description,Dana,11/28/2025 8:23
507,7/14/2024,unauthorized_access,critical,resolved,Incident 507 description,Bob,11/28/2025 8:23
508,4/20/2024,ransomware,high,open,Incident 508 description,Charlie,11/28/2025 8:23
509,7/7/2024,malware,high,closed,Incident 509 description,Alice,11/28/2025 8:23
510,8/20/2023,malware,medium,open,Incident 510 description,Bob,11/28/2025 8:23
511,6/3/2024,data_breach,medium,investigating,Incident 511 description,Bob,11/28/2025 8:23
512,8/19/2023,phishing,medium,open,Incident 512 description,Fiona,11/28/2025 8:23
513,12/16/2023,data_breach,medium,resolved,Incident 513 description,Dana,11/28/2025 8:23
514,5/12/2023,data_breach,medium,closed,Incident 514 description,Bob,11/28/2025 8:23
515,9/5/2024,ddos,critical,open,Incident 515 description,Charlie,11/28/2025 8:23
516,4/16/2024,ddos,medium,resolved,Incident 516 description,Evan,11/28/2025 8:23
517,7/22/2023,phishing,medium,investigating,Incident 517 description,Fiona,11/28/2025 8:23
518,7/20/2024,ransomware,critical,resolved,Incident 518 description,Charlie,11/28/2025 8:23
519,11/3/2023,unauthorized_access,high,open,Incident 519 description,Evan,11/28/2025 8:23
520,11/12/2023,ransomware,critical,closed,Incident 520 description,Bob,11/28/2025 8:23
521,10/9/2024,unauthorized_access,medium,open,Incident 521 description,Dana,11/28/2025 8:23
522,5/20/2024,malware,critical,open,Incident 522 description,Charlie,11/28/2025 8:23
523,7/20/2023,unauthorized_access,low,open,Incident 523 description,Charlie,11/28/2025 8:23
524,1/14/2023,data_breach,medium,open,Incident 524 description,Alice,11/28/2025 8:23
525,2/10/2024,malware,low,resolved,Incident 525 description,Evan,11/28/2025 8:23
526,2/12/2023,unauthorized_access,medium,investigating,Incident 526 description,Alice,11/28/2025 8:23
527,2/10/2024,phishing,medium,closed,Incident 527 description,Bob,11/28/2025 8:23
528,9/6/2024,malware,high,investigating,Incident 528 description,Dana,11/28/2025 8:23
529,7/13/2023,phishing,critical,resolved,Incident 529 description,Bob,11/28/2025 8:23
530,4/7/2023,ransomware,low,resolved,Incident 530 description,Charlie,11/28/2025 8:23
531,4/6/2023,ransomware,critical,investigating,Incident 531 description,Bob,11/28/2025 8:23
532,7/6/2023,ransomware,low,investigating,Incident 532 description,Alice,11/28/2025 8:23
533,5/4/2023,unauthorized_access,low,investigating,Incident 533 description,Alice,11/28/2025 8:23
534,2/2/2023,unauthorized_access,medium,open,Incident 534 description,Bob,11/28/2025 8:23
535,9/16/2024,phishing,medium,open,Incident 535 description,Alice,11/28/2025 8:23
536,10/6/2024,phishing,high,open,Incident 536 description,Alice,11/28/2025 8:23
537,6/2/2024,unauthorized_access,low,resolved,Incident 537 description,Evan,11/28/2025 8:23
538,7/15/2023,ddos,medium,resolved,Incident 538 description,Evan,11/28/2025 8:23
539,9/8/2024,phishing,critical,resolved,Incident 539 description,Fiona,11/28/2025 8:23
540,1/15/2024,malware,low,open,Incident 540 description,Evan,11/28/2025 8:23
541,1/19/2024,data_breach,low,investigating,Incident 541 description,Dana,11/28/2025 8:23
542,1/30/2023,unauthorized_access,high,closed,Incident 542 description,Charlie,11/28/2025 8:23
543,6/17/2024,unauthorized_access,low,closed,Incident 543 description,Fiona,11/28/2025 8:23
544,9/19/2023,unauthorized_access,low,closed,Incident 544 description,Bob,11/28/2025 8:23
545,8/3/2024,phishing,low,resolved,Incident 545 description,Fiona,11/28/2025 8:23
546,3/30/2024,malware,medium,closed,Incident 546 description,Dana,11/28/2025 8:23
547,2/7/2024,data_breach,high,open,Incident 547 description,Alice,11/28/2025 8:23
548,2/28/2023,unauthorized_access,low,investigating,Incident 548 description,Dana,11/28/2025 8:23
549,9/17/2024,unauthorized_access,critical,resolved,Incident 549 description,Charlie,11/28/2025 8:23
550,1/27/2024,ddos,high,investigating,Incident 550 description,Charlie,11/28/2025 8:23
551,11/3/2024,ransomware,low,open,Incident 551 description,Dana,11/28/2025 8:23
552,3/20/2024,ddos,critical,resolved,Incident 552 description,Dana,11/28/2025 8:23
553,4/22/2023,data_breach,high,investigating,Incident 553 description,Bob,11/28/2025 8:23
554,12/4/2023,malware,critical,closed,Incident 554 description,Alice,11/28/2025 8:23
555,7/27/2024,data_breach,high,closed,Incident 555 description,Dana,11/28/2025 8:23
556,2/3/2023,malware,medium,open,Incident 556 description,Bob,11/28/2025 8:23
557,10/4/2024,unauthorized_access,critical,open,Incident 557 description,Bob,11/28/2025 8:23
558,10/21/2023,phishing,low,closed,Incident 558 description,Bob,11/28/2025 8:23
559,8/6/2023,ransomware,critical,closed,Incident 559 description,Evan,11/28/2025 8:23
560,9/6/2023,phishing,high,resolved,Incident 560 description,Fiona,11/28/2025 8:23
561,3/17/2023,malware,medium,investigating,Incident 561 description,Fiona,11/28/2025 8:23
562,1/6/2024,ransomware,high,investigating,Incident 562 description,Dana,11/28/2025 8:23
563,6/5/2024,data_breach,critical,closed,Incident 563 description,Bob,11/28/2025 8:23
564,10/10/2023,malware,critical,resolved,Incident 564 description,Fiona,11/28/2025 8:23
565,8/4/2023,ransomware,low,open,Incident 565 description,Bob,11/28/2025 8:23
566,9/16/2023,data_breach,high,resolved,Incident 566 description,Alice,11/28/2025 8:23
567,8/19/2024,ransomware,low,closed,Incident 567 description,Charlie,11/28/2025 8:23
568,8/2/2024,ransomware,medium,investigating,Incident 568 description,Charlie,11/28/2025 8:23
569,11/20/2024,unauthorized_access,critical,open,Incident 569 description,Alice,11/28/2025 8:23
570,3/8/2024,unauthorized_access,critical,investigating,Incident 570 description,Fiona,11/28/2025 8:23
571,4/11/2024,data_breach,critical,resolved,Incident 571 description,Evan,11/28/2025 8:23
572,11/18/2024,phishing,high,open,Incident 572 description,Charlie,11/28/2025 8:23
573,2/28/2024,malware,high,closed,Incident 573 description,Dana,11/28/2025 8:23
574,4/26/2024,phishing,high,open,Incident 574 description,Bob,11/28/2025 8:23
575,9/8/2024,ransomware,critical,open,Incident 575 description,Bob,11/28/2025 8:23
576,6/22/2024,data_breach,high,investigating,Incident 576 description,Charlie,11/28/2025 8:23
577,9/27/2024,data_breach,high,investigating,Incident 577 description,Dana,11/28/2025 8:23
578,1/13/2024,ddos,medium,closed,Incident 578 description,Fiona,11/28/2025 8:23
579,9/10/2024,unauthorized_access,medium,closed,Incident 579 description,Alice,11/28/2025 8:23
580,9/13/2023,ransomware,low,closed,Incident 580 description,Fiona,11/28/2025 8:23
581,5/21/2024,data_breach,medium,closed,Incident 581 description,Charlie,11/28/2025 8:23
582,6/6/2024,phishing,high,open,Incident 582 description,Alice,11/28/2025 8:23
583,7/13/2024,phishing,medium,resolved,Incident 583 description,Alice,11/28/2025 8:23
584,1/22/2024,unauthorized_access,low,closed,Incident 584 description,Bob,11/28/2025 8:23
585,4/6/2023,ransomware,medium,open,Incident 585 description,Charlie,11/28/2025 8:23
586,6/10/2024,ransomware,low,resolved,Incident 586 description,Bob,11/28/2025 8:23
587,1/31/2024,data_breach,medium,resolved,Incident 587 description,Alice,11/28/2025 8:23
588,6/7/2023,ransomware,medium,investigating,Incident 588 description,Dana,11/28/2025 8:23
589,5/12/2024,unauthorized_access,low,open,Incident 589 description,Dana,11/28/2025 8:23
590,10/31/2024,data_breach,high,closed,Incident 590 description,Evan,11/28/2025 8:23
591,9/12/2023,phishing,medium,investigating,Incident 591 description,Evan,11/28/2025 8:23
592,2/16/2023,unauthorized_access,high,investigating,Incident 592 description,Bob,11/28/2025 8:23
593,3/22/2023,unauthorized_access,high,open,Incident 593 description,Evan,11/28/2025 8:23
594,7/29/2024,ddos,critical,resolved,Incident 594 description,Bob,11/28/2025 8:23
595,7/29/2024,ddos,high,resolved,Incident 595 description,Dana,11/28/2025 8:23
596,10/29/2023,ddos,medium,resolved,Incident 596 description,Fiona,11/28/2025 8:23
597,8/2/2024,malware,critical,closed,Incident 597 description,Evan,11/28/2025 8:23
598,10/6/2024,data_breach,high,investigating,Incident 598 description,Alice,11/28/2025 8:23
599,8/15/2024,data_breach,medium,open,Incident 599 description,Dana,11/28/2025 8:23
600,9/22/2023,unauthorized_access,critical,open,Incident 600 description,Dana,11/28/2025 8:23
601,12/1/2023,unauthorized_access,critical,investigating,Incident 601 description,Alice,11/28/2025 8:23
602,1/11/2023,data_breach,low,closed,Incident 602 description,Fiona,11/28/2025 8:23
603,9/11/2024,unauthorized_access,medium,investigating,Incident 603 description,Charlie,11/28/2025 8:23
604,8/5/2024,ransomware,low,open,Incident 604 description,Charlie,11/28/2025 8:23
605,7/28/2023,ransomware,critical,investigating,Incident 605 description,Dana,11/28/2025 8:23
606,10/13/2023,ransomware,low,closed,Incident 606 description,Evan,11/28/2025 8:23
607,5/8/2024,malware,critical,resolved,Incident 607 description,Bob,11/28/2025 8:23
608,8/15/2024,phishing,high,open,Incident 608 description,Dana,11/28/2025 8:23
609,6/17/2024,ransomware,medium,resolved,Incident 609 description,Bob,11/28/2025 8:23
610,7/2/2024,ransomware,critical,closed,Incident 610 description,Evan,11/28/2025 8:23
611,6/29/2024,data_breach,low,closed,Incident 611 description,Alice,11/28/2025 8:23
612,4/7/2023,data_breach,low,investigating,Incident 612 description,Dana,11/28/2025 8:23
613,11/7/2024,data_breach,medium,investigating,Incident 613 description,Fiona,11/28/2025 8:23
614,3/18/2024,ransomware,low,resolved,Incident 614 description,Fiona,11/28/2025 8:23
615,7/11/2024,data_breach,low,closed,Incident 615 description,Dana,11/28/2025 8:23
616,12/6/2023,phishing,critical,resolved,Incident 616 description,Bob,11/28/2025 8:23
617,3/15/2023,phishing,medium,investigating,Incident 617 description,Alice,11/28/2025 8:23
618,8/4/2024,unauthorized_access,high,open,Incident 618 description,Fiona,11/28/2025 8:23
619,1/6/2023,malware,low,closed,Incident 619 description,Evan,11/28/2025 8:23
620,10/8/2024,unauthorized_access,low,investigating,Incident 620 description,Bob,11/28/2025 8:23
621,10/22/2023,phishing,low,resolved,Incident 621 description,Charlie,11/28/2025 8:23
622,11/19/2023,ddos,high,resolved,Incident 622 description,Dana,11/28/2025 8:23
623,4/21/2023,malware,low,closed,Incident 623 description,Bob,11/28/2025 8:23
624,5/5/2024,malware,high,resolved,Incident 624 description,Alice,11/28/2025 8:23
625,7/17/2024,ddos,high,closed,Incident 625 description,Charlie,11/28/2025 8:23
626,10/1/2023,phishing,medium,open,Incident 626 description,Evan,11/28/2025 8:23
627,7/27/2023,ddos,low,open,Incident 627 description,Fiona,11/28/2025 8:23
628,2/8/2024,unauthorized_access,low,investigating,Incident 628 description,Dana,11/28/2025 8:23
629,7/16/2024,unauthorized_access,medium,closed,Incident 629 description,Alice,11/28/2025 8:23
630,7/21/2024,phishing,medium,resolved,Incident 630 description,Bob,11/28/2025 8:23
631,1/31/2024,unauthorized_access,medium,open,Incident 631 description,Charlie,11/28/2025 8:23
632,3/18/2024,malware,medium,resolved,Incident 632 description,Dana,11/28/2025 8:23
633,4/6/2024,ddos,high,investigating,Incident 633 description,Dana,11/28/2025 8:23
634,12/10/2023,ddos,medium,open,Incident 634 description,Evan,11/28/2025 8:23
635,6/3/2023,ddos,medium,resolved,Incident 635 description,Bob,11/28/2025 8:23
636,2/16/2023,unauthorized_access,high,investigating,Incident 636 description,Fiona,11/28/2025 8:23
637,8/5/2024,ddos,high,closed,Incident 637 description,Alice,11/28/2025 8:23
638,12/30/2023,data_breach,critical,closed,Incident 638 description,Evan,11/28/2025 8:23
639,1/5/2024,ransomware,critical,open,Incident 639 description,Charlie,11/28/2025 8:23
640,11/29/2023,ddos,high,closed,Incident 640 description,Evan,11/28/2025 8:23
641,3/8/2024,data_breach,critical,investigating,Incident 641 description,Bob,11/28/2025 8:23
642,11/1/2024,unauthorized_access,critical,open,Incident 642 description,Evan,11/28/2025 8:23
643,6/15/2024,data_breach,medium,investigating,Incident 643 description,Alice,11/28/2025 8:23
644,8/5/2023,ransomware,critical,closed,Incident 644 description,Charlie,11/28/2025 8:23
645,1/22/2023,ransomware,critical,open,Incident 645 description,Bob,11/28/2025 8:23
646,7/6/2024,data_breach,critical,investigating,Incident 646 description,Alice,11/28/2025 8:23
647,7/14/2024,unauthorized_access,low,open,Incident 647 description,Alice,11/28/2025 8:23
648,1/4/2023,unauthorized_access,low,resolved,Incident 648 description,Fiona,11/28/2025 8:23
649,5/18/2023,ransomware,low,open,Incident 649 description,Alice,11/28/2025 8:23
650,10/24/2024,malware,critical,open,Incident 650 description,Evan,11/28/2025 8:23
651,11/25/2023,unauthorized_access,low,open,Incident 651 description,Dana,11/28/2025 8:23
652,9/9/2023,ransomware,critical,closed,Incident 652 description,Alice,11/28/2025 8:23
653,8/19/2023,malware,low,open,Incident 653 description,Fiona,11/28/2025 8:23
654,6/11/2023,ddos,high,resolved,Incident 654 description,Alice,11/28/2025 8:23
655,6/5/2023,unauthorized_access,low,open,Incident 655 description,Alice,11/28/2025 8:23
656,5/4/2023,phishing,low,open,Incident 656 description,Evan,11/28/2025 8:23
657,8/3/2023,data_breach,medium,resolved,Incident 657 description,Evan,11/28/2025 8:23
658,6/7/2023,data_breach,critical,resolved,Incident 658 description,Charlie,11/28/2025 8:23
659,4/19/2023,data_breach,high,investigating,Incident 659 description,Charlie,11/28/2025 8:23
660,3/14/2024,phishing,critical,open,Incident 660 description,Evan,11/28/2025 8:23
661,7/10/2023,ddos,critical,open,Incident 661 description,Bob,11/28/2025 8:23
662,5/11/2024,ddos,critical,closed,Incident 662 description,Dana,11/28/2025 8:23
663,5/15/2023,ransomware,medium,resolved,Incident 663 description,Charlie,11/28/2025 8:23
664,5/3/2024,phishing,medium,investigating,Incident 664 description,Bob,11/28/2025 8:23
665,10/25/2023,ransomware,critical,closed,Incident 665 description,Dana,11/28/2025 8:23
666,3/14/2023,ransomware,critical,investigating,Incident 666 description,Dana,11/28/2025 8:23
667,3/8/2024,data_breach,low,closed,Incident 667 description,Fiona,11/28/2025 8:23
668,9/16/2023,data_breach,high,resolved,Incident 668 description,Evan,11/28/2025 8:23
669,6/7/2024,ddos,low,resolved,Incident 669 description,Bob,11/28/2025 8:23
670,10/18/2024,data_breach,low,resolved,Incident 670 description,Dana,11/28/2025 8:23
671,9/2/2024,ddos,high,resolved,Incident 671 description,Dana,11/28/2025 8:23
672,8/30/2023,data_breach,low,open,Incident 672 description,Bob,11/28/2025 8:23
673,7/2/2024,malware,medium,closed,Incident 673 description,Fiona,11/28/2025 8:23
674,8/9/2024,phishing,medium,open,Incident 674 description,Bob,11/28/2025 8:23
675,6/9/2024,malware,low,investigating,Incident 675 description,Alice,11/28/2025 8:23
676,8/3/2024,malware,high,closed,Incident 676 description,Bob,11/28/2025 8:23
677,6/7/2024,ddos,low,closed,Incident 677 description,Fiona,11/28/2025 8:23
678,1/3/2023,data_breach,low,investigating,Incident 678 description,Dana,11/28/2025 8:23
679,3/13/2024,ransomware,critical,resolved,Incident 679 description,Evan,11/28/2025 8:23
680,6/29/2023,ddos,critical,closed,Incident 680 description,Bob,11/28/2025 8:23
681,11/12/2023,data_breach,critical,resolved,Incident 681 description,Bob,11/28/2025 8:23
682,10/8/2024,data_breach,low,closed,Incident 682 description,Fiona,11/28/2025 8:23
683,12/13/2023,data_breach,low,resolved,Incident 683 description,Fiona,11/28/2025 8:23
684,4/10/2024,ddos,high,closed,Incident 684 description,Evan,11/28/2025 8:23
685,2/4/2024,malware,critical,open,Incident 685 description,Alice,11/28/2025 8:23
686,8/4/2023,malware,critical,investigating,Incident 686 description,Alice,11/28/2025 8:23
687,3/31/2023,ransomware,critical,open,Incident 687 description,Dana,11/28/2025 8:23
688,1/25/2024,ddos,critical,closed,Incident 688 description,Charlie,11/28/2025 8:23
689,3/30/2024,malware,high,resolved,Incident 689 description,Alice,11/28/2025 8:23
690,5/6/2023,data_breach,critical,investigating,Incident 690 description,Evan,11/28/2025 8:23
691,8/20/2023,unauthorized_access,critical,open,Incident 691 description,Charlie,11/28/2025 8:23
692,12/9/2023,ddos,critical,resolved,Incident 692 description,Bob,11/28/2025 8:23
693,5/12/2024,ransomware,medium,open,Incident 693 description,Dana,11/28/2025 8:23
694,11/15/2024,data_breach,medium,closed,Incident 694 description,Dana,11/28/2025 8:23
695,3/15/2024,data_breach,medium,closed,Incident 695 description,Evan,11/28/2025 8:23
696,8/29/2024,unauthorized_access,low,investigating,Incident 696 description,Charlie,11/28/2025 8:23
697,6/27/2024,malware,critical,resolved,Incident 697 description,Alice,11/28/2025 8:23
698,5/10/2024,malware,medium,resolved,Incident 698 description,Fiona,11/28/2025 8:23
699,6/11/2024,malware,high,resolved,Incident 699 description,Bob,11/28/2025 8:23
700,2/12/2023,ddos,critical,closed,Incident 700 description,Dana,11/28/2025 8:23
701,9/26/2023,data_breach,low,resolved,Incident 701 description,Evan,11/28/2025 8:23
702,9/18/2023,ransomware,medium,open,Incident 702 description,Alice,11/28/2025 8:23
703,5/21/2024,malware,medium,closed,Incident 703 description,Alice,11/28/2025 8:23
704,8/15/2024,unauthorized_access,high,investigating,Incident 704 description,Evan,11/28/2025 8:23
705,5/18/2024,unauthorized_access,medium,open,Incident 705 description,Alice,11/28/2025 8:23
706,1/22/2023,malware,high,investigating,Incident 706 description,Charlie,11/28/2025 8:23
707,11/14/2023,malware,low,investigating,Incident 707 description,Alice,11/28/2025 8:23
708,10/13/2023,unauthorized_access,high,resolved,Incident 708 description,Alice,11/28/2025 8:23
709,1/2/2024,ddos,critical,investigating,Incident 709 description,Dana,11/28/2025 8:23
710,10/27/2023,data_breach,medium,resolved,Incident 710 description,Charlie,11/28/2025 8:23
711,1/17/2023,phishing,medium,closed,Incident 711 description,Dana,11/28/2025 8:23
712,3/26/2024,ransomware,high,resolved,Incident 712 description,Dana,11/28/2025 8:23
713,1/31/2023,ddos,high,closed,Incident 713 description,Dana,11/28/2025 8:23
714,6/15/2024,unauthorized_access,medium,open,Incident 714 description,Alice,11/28/2025 8:23
715,12/8/2023,data_breach,low,investigating,Incident 715 description,Evan,11/28/2025 8:23
716,10/16/2024,malware,critical,closed,Incident 716 description,Fiona,11/28/2025 8:23
717,7/13/2024,phishing,low,open,Incident 717 description,Alice,11/28/2025 8:23
718,1/2/2023,malware,medium,investigating,Incident 718 description,Dana,11/28/2025 8:23
719,2/23/2023,data_breach,low,resolved,Incident 719 description,Dana,11/28/2025 8:23
720,10/23/2024,ransomware,high,investigating,Incident 720 description,Alice,11/28/2025 8:23
721,5/1/2023,unauthorized_access,critical,closed,Incident 721 description,Charlie,11/28/2025 8:23
722,5/6/2023,data_breach,high,open,Incident 722 description,Bob,11/28/2025 8:23
723,6/29/2023,data_breach,high,investigating,Incident 723 description,Charlie,11/28/2025 8:23
724,7/16/2024,ransomware,high,open,Incident 724 description,Bob,11/28/2025 8:23
725,8/4/2024,ransomware,low,resolved,Incident 725 description,Fiona,11/28/2025 8:23
726,10/6/2023,phishing,high,investigating,Incident 726 description,Dana,11/28/2025 8:23
727,11/30/2024,ransomware,medium,open,Incident 727 description,Alice,11/28/2025 8:23
728,2/12/2024,data_breach,high,closed,Incident 728 description,Charlie,11/28/2025 8:23
729,10/16/2024,malware,high,open,Incident 729 description,Charlie,11/28/2025 8:23
730,1/6/2024,phishing,medium,investigating,Incident 730 description,Evan,11/28/2025 8:23
731,10/23/2024,data_breach,low,closed,Incident 731 description,Fiona,11/28/2025 8:23
732,7/27/2024,ransomware,medium,closed,Incident 732 description,Evan,11/28/2025 8:23
733,10/27/2023,unauthorized_access,critical,open,Incident 733 description,Evan,11/28/2025 8:23
734,5/14/2024,unauthorized_access,high,resolved,Incident 734 description,Fiona,11/28/2025 8:23
735,9/27/2023,ransomware,low,open,Incident 735 description,Charlie,11/28/2025 8:23
736,12/29/2023,phishing,low,investigating,Incident 736 description,Dana,11/28/2025 8:23
737,9/23/2023,ransomware,critical,open,Incident 737 description,Fiona,11/28/2025 8:23
738,1/2/2023,data_breach,low,open,Incident 738 description,Evan,11/28/2025 8:23
739,4/13/2024,malware,medium,closed,Incident 739 description,Alice,11/28/2025 8:23
740,7/6/2023,unauthorized_access,high,investigating,Incident 740 description,Dana,11/28/2025 8:23
741,5/2/2023,malware,medium,open,Incident 741 description,Fiona,11/28/2025 8:23
742,7/27/2023,ransomware,medium,resolved,Incident 742 description,Alice,11/28/2025 8:23
743,6/13/2024,unauthorized_access,medium,open,Incident 743 description,Fiona,11/28/2025 8:23
744,6/14/2023,unauthorized_access,critical,closed,Incident 744 description,Charlie,11/28/2025 8:23
745,9/11/2024,unauthorized_access,low,resolved,Incident 745 description,Evan,11/28/2025 8:23
746,9/22/2024,phishing,high,closed,Incident 746 description,Alice,11/28/2025 8:23
747,5/22/2024,ddos,medium,closed,Incident 747 description,Bob,11/28/2025 8:23
748,3/21/2024,phishing,high,open,Incident 748 description,Dana,11/28/2025 8:23
749,5/12/2023,ddos,low,resolved,Incident 749 description,Fiona,11/28/2025 8:23
750,12/20/2023,unauthorized_access,low,investigating,Incident 750 description,Dana,11/28/2025 8:23
751,1/28/2024,ransomware,critical,closed,Incident 751 description,Charlie,11/28/2025 8:23
752,11/20/2024,ddos,high,resolved,Incident 752 description,Dana,11/28/2025 8:23
753,5/7/2023,malware,medium,investigating,Incident 753 description,Evan,11/28/2025 8:23
754,7/5/2023,unauthorized_access,critical,open,Incident 754 description,Charlie,11/28/2025 8:23
755,1/3/2023,data_breach,medium,investigating,Incident 755 description,Fiona,11/28/2025 8:23
756,3/12/2023,phishing,medium,investigating,Incident 756 description,Fiona,11/28/2025 8:23
757,8/9/2024,malware,high,resolved,Incident 757 description,Dana,11/28/2025 8:23
758,6/16/2024,ransomware,high,open,Incident 758 description,Charlie,11/28/2025 8:23
759,1/23/2023,ddos,high,closed,Incident 759 description,Charlie,11/28/2025 8:23
760,5/9/2023,ddos,high,closed,Incident 760 description,Evan,11/28/2025 8:23
761,9/4/2024,malware,high,open,Incident 761 description,Dana,11/28/2025 8:23
762,10/9/2023,unauthorized_access,critical,resolved,Incident 762 description,Charlie,11/28/2025 8:23
763,11/12/2024,ransomware,critical,open,Incident 763 description,Bob,11/28/2025 8:23
764,7/26/2024,malware,critical,resolved,Incident 764 description,Dana,11/28/2025 8:23
765,11/30/2024,phishing,critical,investigating,Incident 765 description,Dana,11/28/2025 8:23
766,1/12/2024,ddos,high,resolved,Incident 766 description,Alice,11/28/2025 8:23
767,4/12/2023,phishing,critical,closed,Incident 767 description,Evan,11/28/2025 8:23
768,7/18/2023,data_breach,low,open,Incident 768 description,Bob,11/28/2025 8:23
769,12/16/2023,ddos,high,investigating,Incident 769 description,Fiona,11/28/2025 8:23
770,6/26/2023,ransomware,low,closed,Incident 770 description,Charlie,11/28/2025 8:23
771,5/12/2024,ransomware,critical,open,Incident 771 description,Dana,11/28/2025 8:23
772,6/1/2024,data_breach,medium,investigating,Incident 772 description,Bob,11/28/2025 8:23
773,11/12/2024,unauthorized_access,high,resolved,Incident 773 description,Dana,11/28/2025 8:23
774,3/17/2024,unauthorized_access,medium,investigating,Incident 774 description,Bob,11/28/2025 8:23
775,6/18/2024,unauthorized_access,medium,open,Incident 775 description,Dana,11/28/2025 8:23
776,3/9/2024,phishing,medium,investigating,Incident 776 description,Charlie,11/28/2025 8:23
777,10/4/2024,ddos,high,open,Incident 777 description,Bob,11/28/2025 8:23
778,7/15/2024,phishing,high,closed,Incident 778 description,Fiona,11/28/2025 8:23
779,9/19/2024,ransomware,high,resolved,Incident 779 description,Evan,11/28/2025 8:23
780,8/7/2024,phishing,medium,closed,Incident 780 description,Bob,11/28/2025 8:23
781,6/16/2023,ddos,low,investigating,Incident 781 description,Alice,11/28/2025 8:23
782,10/29/2023,ransomware,high,investigating,Incident 782 description,Fiona,11/28/2025 8:23
783,8/13/2024,phishing,medium,investigating,Incident 783 description,Alice,11/28/2025 8:23
784,9/3/2024,phishing,low,resolved,Incident 784 description,Alice,11/28/2025 8:23
785,2/5/2023,ransomware,medium,open,Incident 785 description,Alice,11/28/2025 8:23
786,3/15/2023,data_breach,medium,closed,Incident 786 description,Bob,11/28/2025 8:23
787,11/24/2023,ddos,critical,resolved,Incident 787 description,Evan,11/28/2025 8:23
788,9/27/2023,unauthorized_access,medium,investigating,Incident 788 description,Fiona,11/28/2025 8:23
789,7/14/2023,ddos,high,open,Incident 789 description,Alice,11/28/2025 8:23
790,6/5/2024,malware,medium,closed,Incident 790 description,Alice,11/28/2025 8:23
791,8/27/2023,unauthorized_access,critical,resolved,Incident 791 description,Evan,11/28/2025 8:23
792,7/18/2023,unauthorized_access,low,investigating,Incident 792 description,Charlie,11/28/2025 8:23
793,11/3/2023,unauthorized_access,high,closed,Incident 793 description,Charlie,11/28/2025 8:23
794,4/19/2023,ransomware,medium,closed,Incident 794 description,Dana,11/28/2025 8:23
795,8/26/2023,phishing,critical,open,Incident 795 description,Evan,11/28/2025 8:23
796,1/21/2023,unauthorized_access,critical,closed,Incident 796 description,Bob,11/28/2025 8:23
797,7/29/2023,unauthorized_access,high,closed,Incident 797 description,Charlie,11/28/2025 8:23
798,11/16/2024,malware,critical,open,Incident 798 description,Fiona,11/28/2025 8:23
799,4/8/2024,unauthorized_access,high,investigating,Incident 799 description,Alice,11/28/2025 8:23
800,12/8/2023,ddos,medium,resolved,Incident 800 description,Charlie,11/28/2025 8:23
801,11/4/2024,phishing,medium,open,Incident 801 description,Fiona,11/28/2025 8:23
802,10/22/2023,data_breach,high,resolved,Incident 802 description,Dana,11/28/2025 8:23
803,8/6/2023,data_breach,low,investigating,Incident 803 description,Bob,11/28/2025 8:23
804,8/26/2023,ddos,medium,resolved,Incident 804 description,Dana,11/28/2025 8:23
805,3/20/2024,unauthorized_access,medium,closed,Incident 805 description,Fiona,11/28/2025 8:23
806,11/17/2024,phishing,high,investigating,Incident 806 description,Charlie,11/28/2025 8:23
807,5/27/2024,data_breach,low,investigating,Incident 807 description,Bob,11/28/2025 8:23
808,11/29/2024,phishing,medium,closed,Incident 808 description,Evan,11/28/2025 8:23
809,11/14/2023,data_breach,high,investigating,Incident 809 description,Fiona,11/28/2025 8:23
810,3/21/2024,data_breach,low,investigating,Incident 810 description,Charlie,11/28/2025 8:23
811,5/24/2023,unauthorized_access,medium,closed,Incident 811 description,Bob,11/28/2025 8:23
812,10/27/2023,unauthorized_access,low,open,Incident 812 description,Evan,11/28/2025 8:23
813,1/28/2023,phishing,critical,investigating,Incident 813 description,Bob,11/28/2025 8:23
814,6/16/2024,phishing,critical,investigating,Incident 814 description,Evan,11/28/2025 8:23
815,10/29/2023,phishing,critical,resolved,Incident 815 description,Fiona,11/28/2025 8:23
816,4/11/2023,phishing,medium,closed,Incident 816 description,Bob,11/28/2025 8:23
817,10/24/2024,malware,medium,resolved,Incident 817 description,Bob,11/28/2025 8:23
818,1/22/2024,data_breach,medium,open,Incident 818 description,Bob,11/28/2025 8:23
819,1/20/2024,unauthorized_access,high,resolved,Incident 819 description,Charlie,11/28/2025 8:23
820,1/6/2023,unauthorized_access,critical,open,Incident 820 description,Fiona,11/28/2025 8:23
821,4/12/2023,malware,low,investigating,Incident 821 description,Bob,11/28/2025 8:23
822,10/9/2024,data_breach,critical,open,Incident 822 description,Charlie,11/28/2025 8:23
823,4/4/2023,ransomware,low,investigating,Incident 823 description,Evan,11/28/2025 8:23
824,7/14/2024,ransomware,critical,closed,Incident 824 description,Charlie,11/28/2025 8:23
825,12/10/2023,malware,medium,closed,Incident 825 description,Evan,11/28/2025 8:23
826,9/27/2023,data_breach,critical,closed,Incident 826 description,Dana,11/28/2025 8:23
827,1/12/2024,malware,critical,open,Incident 827 description,Charlie,11/28/2025 8:23
828,7/14/2023,unauthorized_access,high,resolved,Incident 828 description,Charlie,11/28/2025 8:23
829,9/6/2023,phishing,medium,closed,Incident 829 description,Charlie,11/28/2025 8:23
830,1/26/2024,ransomware,critical,open,Incident 830 description,Dana,11/28/2025 8:23
831,8/27/2024,ddos,high,resolved,Incident 831 description,Alice,11/28/2025 8:23
832,12/15/2023,ransomware,low,resolved,Incident 832 description,Dana,11/28/2025 8:23
833,11/30/2023,unauthorized_access,high,resolved,Incident 833 description,Bob,11/28/2025 8:23
834,7/22/2024,ddos,high,open,Incident 834 description,Charlie,11/28/2025 8:23
835,2/3/2023,unauthorized_access,low,investigating,Incident 835 description,Bob,11/28/2025 8:23
836,1/24/2023,phishing,critical,open,Incident 836 description,Dana,11/28/2025 8:23
837,10/3/2024,unauthorized_access,low,investigating,Incident 837 description,Evan,11/28/2025 8:23
838,3/19/2023,unauthorized_access,medium,open,Incident 838 description,Charlie,11/28/2025 8:23
839,6/2/2023,phishing,low,resolved,Incident 839 description,Evan,11/28/2025 8:23
840,4/22/2023,data_breach,low,resolved,Incident 840 description,Bob,11/28/2025 8:23
841,11/30/2024,ransomware,critical,open,Incident 841 description,Fiona,11/28/2025 8:23
842,7/14/2024,data_breach,low,closed,Incident 842 description,Fiona,11/28/2025 8:23
843,9/19/2024,data_breach,medium,open,Incident 843 description,Charlie,11/28/2025 8:23
844,10/13/2023,phishing,critical,open,Incident 844 description,Dana,11/28/2025 8:23
845,10/21/2023,data_breach,high,open,Incident 845 description,Alice,11/28/2025 8:23
846,2/21/2023,unauthorized_access,critical,open,Incident 846 description,Charlie,11/28/2025 8:23
847,1/4/2023,ddos,medium,closed,Incident 847 description,Charlie,11/28/2025 8:23
848,12/20/2023,unauthorized_access,high,open,Incident 848 description,Evan,11/28/2025 8:23
849,3/24/2023,ddos,critical,resolved,Incident 849 description,Evan,11/28/2025 8:23
850,2/2/2023,phishing,critical,closed,Incident 850 description,Dana,11/28/2025 8:23
851,4/11/2024,malware,low,investigating,Incident 851 description,Charlie,11/28/2025 8:23
852,3/19/2024,ransomware,high,open,Incident 852 description,Evan,11/28/2025 8:23
853,2/26/2024,malware,medium,resolved,Incident 853 description,Bob,11/28/2025 8:23
854,8/27/2024,unauthorized_access,high,open,Incident 854 description,Dana,11/28/2025 8:23
855,10/24/2023,data_breach,critical,open,Incident 855 description,Dana,11/28/2025 8:23
856,4/24/2024,malware,critical,investigating,Incident 856 description,Alice,11/28/2025 8:23
857,6/12/2024,unauthorized_access,low,investigating,Incident 857 description,Fiona,11/28/2025 8:23
858,1/4/2023,ransomware,low,open,Incident 858 description,Alice,11/28/2025 8:23
859,1/10/2024,malware,low,resolved,Incident 859 description,Bob,11/28/2025 8:23
860,7/31/2024,ddos,high,open,Incident 860 description,Bob,11/28/2025 8:23
861,7/23/2023,unauthorized_access,high,investigating,Incident 861 description,Alice,11/28/2025 8:23
862,3/3/2023,data_breach,critical,resolved,Incident 862 description,Bob,11/28/2025 8:23
863,8/23/2024,data_breach,critical,resolved,Incident 863 description,Fiona,11/28/2025 8:23
864,11/5/2023,ddos,high,investigating,Incident 864 description,Bob,11/28/2025 8:23
865,8/10/2024,ransomware,low,open,Incident 865 description,Charlie,11/28/2025 8:23
866,11/8/2023,phishing,high,investigating,Incident 866 description,Bob,11/28/2025 8:23
867,8/25/2024,unauthorized_access,critical,resolved,Incident 867 description,Dana,11/28/2025 8:23
868,7/22/2024,unauthorized_access,critical,resolved,Incident 868 description,Fiona,11/28/2025 8:23
869,11/17/2024,malware,medium,investigating,Incident 869 description,Fiona,11/28/2025 8:23
870,6/25/2024,phishing,medium,resolved,Incident 870 description,Charlie,11/28/2025 8:23
871,8/15/2024,data_breach,medium,resolved,Incident 871 description,Charlie,11/28/2025 8:23
872,2/1/2024,malware,medium,investigating,Incident 872 description,Alice,11/28/2025 8:23
873,3/12/2023,data_breach,low,resolved,Incident 873 description,Charlie,11/28/2025 8:23
874,5/21/2023,phishing,critical,open,Incident 874 description,Fiona,11/28/2025 8:23
875,5/6/2024,malware,low,investigating,Incident 875 description,Fiona,11/28/2025 8:23
876,1/2/2024,ddos,critical,open,Incident 876 description,Alice,11/28/2025 8:23
877,2/10/2024,unauthorized_access,medium,closed,Incident 877 description,Dana,11/28/2025 8:23
878,5/4/2024,ddos,high,open,Incident 878 description,Dana,11/28/2025 8:23
879,7/20/2023,ransomware,low,open,Incident 879 description,Evan,11/28/2025 8:23
880,1/26/2024,unauthorized_access,critical,resolved,Incident 880 description,Bob,11/28/2025 8:23
881,4/1/2024,data_breach,critical,closed,Incident 881 description,Fiona,11/28/2025 8:23
882,5/18/2024,unauthorized_access,low,resolved,Incident 882 description,Alice,11/28/2025 8:23
883,8/7/2024,phishing,low,resolved,Incident 883 description,Alice,11/28/2025 8:23
884,9/2/2024,ransomware,low,resolved,Incident 884 description,Dana,11/28/2025 8:23
885,4/5/2024,data_breach,low,investigating,Incident 885 description,Alice,11/28/2025 8:23
886,7/7/2023,ddos,high,investigating,Incident 886 description,Dana,11/28/2025 8:23
887,12/27/2023,malware,critical,investigating,Incident 887 description,Charlie,11/28/2025 8:23
888,7/19/2023,ddos,high,closed,Incident 888 description,Charlie,11/28/2025 8:23
889,4/2/2024,unauthorized_access,medium,resolved,Incident 889 description,Dana,11/28/2025 8:23
890,10/25/2024,ddos,critical,open,Incident 890 description,Dana,11/28/2025 8:23
891,7/12/2024,ransomware,high,investigating,Incident 891 description,Evan,11/28/2025 8:23
892,8/6/2023,phishing,high,resolved,Incident 892 description,Bob,11/28/2025 8:23
893,8/24/2023,malware,low,investigating,Incident 893 description,Fiona,11/28/2025 8:23
894,6/28/2023,data_breach,critical,investigating,Incident 894 description,Dana,11/28/2025 8:23
895,4/23/2024,malware,high,closed,Incident 895 description,Charlie,11/28/2025 8:23
896,9/22/2023,malware,medium,closed,Incident 896 description,Bob,11/28/2025 8:23
897,9/9/2024,ransomware,critical,investigating,Incident 897 description,Bob,11/28/2025 8:23
898,8/14/2024,phishing,critical,open,Incident 898 description,Fiona,11/28/2025 8:23
899,1/16/2024,data_breach,high,investigating,Incident 899 description,Evan,11/28/2025 8:23
900,8/13/2023,unauthorized_access,medium,open,Incident 900 description,Bob,11/28/2025 8:23
901,8/31/2024,data_breach,medium,open,Incident 901 description,Dana,11/28/2025 8:23
902,9/7/2024,data_breach,critical,closed,Incident 902 description,Alice,11/28/2025 8:23
903,7/19/2023,unauthorized_access,high,closed,Incident 903 description,Evan,11/28/2025 8:23
904,3/17/2023,unauthorized_access,high,investigating,Incident 904 description,Alice,11/28/2025 8:23
905,6/1/2024,ddos,high,closed,Incident 905 description,Alice,11/28/2025 8:23
906,10/17/2023,ransomware,high,investigating,Incident 906 description,Fiona,11/28/2025 8:23
907,4/19/2024,data_breach,high,open,Incident 907 description,Evan,11/28/2025 8:23
908,1/21/2024,ransomware,critical,closed,Incident 908 description,Dana,11/28/2025 8:23
909,6/1/2024,unauthorized_access,medium,open,Incident 909 description,Evan,11/28/2025 8:23
910,5/11/2024,ddos,medium,investigating,Incident 910 description,Evan,11/28/2025 8:23
911,7/18/2023,ddos,medium,investigating,Incident 911 description,Alice,11/28/2025 8:23
912,2/15/2024,unauthorized_access,critical,investigating,Incident 912 description,Alice,11/28/2025 8:23
913,10/6/2023,malware,critical,closed,Incident 913 description,Dana,11/28/2025 8:23
914,10/16/2024,malware,medium,closed,Incident 914 description,Charlie,11/28/2025 8:23
915,6/17/2023,unauthorized_access,critical,closed,Incident 915 description,Evan,11/28/2025 8:23
916,4/27/2023,data_breach,high,resolved,Incident 916 description,Bob,11/28/2025 8:23
917,3/3/2024,ransomware,medium,resolved,Incident 917 description,Alice,11/28/2025 8:23
918,5/5/2023,ddos,high,open,Incident 918 description,Bob,11/28/2025 8:23
919,2/22/2024,malware,low,resolved,Incident 919 description,Evan,11/28/2025 8:23
920,1/30/2023,phishing,medium,investigating,Incident 920 description,Evan,11/28/2025 8:23
921,6/9/2023,malware,medium,investigating,Incident 921 description,Evan,11/28/2025 8:23
922,2/29/2024,malware,critical,investigating,Incident 922 description,Evan,11/28/2025 8:23
923,5/6/2023,ddos,low,resolved,Incident 923 description,Fiona,11/28/2025 8:23
924,5/23/2024,unauthorized_access,high,open,Incident 924 description,Bob,11/28/2025 8:23
925,11/23/2023,data_breach,low,closed,Incident 925 description,Alice,11/28/2025 8:23
926,11/9/2024,unauthorized_access,low,resolved,Incident 926 description,Fiona,11/28/2025 8:23
927,9/16/2023,unauthorized_access,critical,investigating,Incident 927 description,Fiona,11/28/2025 8:23
928,12/30/2023,ransomware,medium,open,Incident 928 description,Dana,11/28/2025 8:23
929,2/8/2023,data_breach,critical,closed,Incident 929 description,Fiona,11/28/2025 8:23
930,9/21/2024,unauthorized_access,medium,resolved,Incident 930 description,Evan,11/28/2025 8:23
931,9/2/2023,data_breach,medium,closed,Incident 931 description,Dana,11/28/2025 8:23
932,9/20/2024,data_breach,high,open,Incident 932 description,Charlie,11/28/2025 8:23
933,3/17/2024,ransomware,critical,investigating,Incident 933 description,Dana,11/28/2025 8:23
934,7/25/2024,ddos,high,resolved,Incident 934 description,Charlie,11/28/2025 8:23
935,1/30/2024,malware,low,open,Incident 935 description,Dana,11/28/2025 8:23
936,1/15/2023,phishing,critical,resolved,Incident 936 description,Alice,11/28/2025 8:23
937,4/24/2024,malware,high,resolved,Incident 937 description,Bob,11/28/2025 8:23
938,8/6/2023,malware,high,closed,Incident 938 description,Bob,11/28/2025 8:23
939,10/28/2024,malware,critical,open,Incident 939 description,Bob,11/28/2025 8:23
940,2/20/2024,unauthorized_access,medium,closed,Incident 940 description,Evan,11/28/2025 8:23
941,5/19/2023,ransomware,medium,closed,Incident 941 description,Evan,11/28/2025 8:23
942,1/8/2024,ddos,high,resolved,Incident 942 description,Fiona,11/28/2025 8:23
943,3/15/2023,ddos,high,resolved,Incident 943 description,Bob,11/28/2025 8:23
944,7/30/2024,ddos,high,investigating,Incident 944 description,Dana,11/28/2025 8:23
945,9/7/2023,data_breach,high,resolved,Incident 945 description,Alice,11/28/2025 8:23
946,8/3/2023,ddos,high,closed,Incident 946 description,Dana,11/28/2025 8:23
947,2/13/2023,unauthorized_access,low,closed,Incident 947 description,Dana,11/28/2025 8:23
948,8/21/2023,ddos,medium,investigating,Incident 948 description,Charlie,11/28/2025 8:23
949,9/28/2024,phishing,critical,closed,Incident 949 description,Charlie,11/28/2025 8:23
950,3/15/2024,data_breach,critical,resolved,Incident 950 description,Alice,11/28/2025 8:23
951,6/7/2024,data_breach,high,closed,Incident 951 description,Bob,11/28/2025 8:23
952,6/30/2023,ddos,critical,investigating,Incident 952 description,Bob,11/28/2025 8:23
953,4/1/2024,ransomware,high,investigating,Incident 953 description,Bob,11/28/2025 8:23
954,8/31/2024,malware,high,closed,Incident 954 description,Dana,11/28/2025 8:23
955,12/16/2023,malware,critical,open,Incident 955 description,Evan,11/28/2025 8:23
956,5/5/2023,ransomware,medium,closed,Incident 956 description,Evan,11/28/2025 8:23
957,1/11/2024,ddos,critical,closed,Incident 957 description,Dana,11/28/2025 8:23
958,6/20/2024,phishing,medium,investigating,Incident 958 description,Alice,11/28/2025 8:23
959,3/8/2024,data_breach,high,closed,Incident 959 description,Bob,11/28/2025 8:23
960,6/7/2024,data_breach,high,investigating,Incident 960 description,Dana,11/28/2025 8:23
961,11/9/2023,data_breach,critical,closed,Incident 961 description,Alice,11/28/2025 8:23
962,2/13/2023,phishing,low,open,Incident 962 description,Charlie,11/28/2025 8:23
963,5/6/2023,data_breach,low,open,Incident 963 description,Charlie,11/28/2025 8:23
964,7/1/2023,unauthorized_access,low,investigating,Incident 964 description,Charlie,11/28/2025 8:23
965,2/28/2024,malware,medium,investigating,Incident 965 description,Charlie,11/28/2025 8:23
966,8/1/2024,ddos,critical,closed,Incident 966 description,Fiona,11/28/2025 8:23
967,5/21/2023,ddos,high,closed,Incident 967 description,Fiona,11/28/2025 8:23
968,4/30/2024,ddos,medium,resolved,Incident 968 description,Dana,11/28/2025 8:23
969,5/8/2024,phishing,medium,open,Incident 969 description,Fiona,11/28/2025 8:23
970,1/11/2023,ransomware,high,investigating,Incident 970 description,Alice,11/28/2025 8:23
971,1/9/2024,data_breach,low,resolved,Incident 971 description,Dana,11/28/2025 8:23
972,5/27/2023,unauthorized_access,low,open,Incident 972 description,Charlie,11/28/2025 8:23
973,7/21/2023,ransomware,medium,closed,Incident 973 description,Evan,11/28/2025 8:23
974,5/19/2024,phishing,medium,resolved,Incident 974 description,Bob,11/28/2025 8:23
975,7/27/2023,malware,high,open,Incident 975 description,Fiona,11/28/2025 8:23
976,1/23/2023,ransomware,critical,closed,Incident 976 description,Bob,11/28/2025 8:23
977,3/30/2024,phishing,high,investigating,Incident 977 description,Evan,11/28/2025 8:23
978,7/9/2024,ddos,low,investigating,Incident 978 description,Fiona,11/28/2025 8:23
979,1/27/2024,ransomware,low,open,Incident 979 description,Evan,11/28/2025 8:23
980,11/12/2024,malware,medium,resolved,Incident 980 description,Fiona,11/28/2025 8:23
981,4/7/2024,malware,critical,investigating,Incident 981 description,Evan,11/28/2025 8:23
982,7/4/2023,ddos,high,investigating,Incident 982 description,Dana,11/28/2025 8:23
983,3/12/2024,malware,low,open,Incident 983 description,Fiona,11/28/2025 8:23
984,4/22/2024,ransomware,low,closed,Incident 984 description,Dana,11/28/2025 8:23
985,3/25/2023,ransomware,low,closed,Incident 985 description,Evan,11/28/2025 8:23
986,9/27/2023,ddos,high,resolved,Incident 986 description,Dana,11/28/2025 8:23
987,8/8/2024,ransomware,medium,closed,Incident 987 description,Evan,11/28/2025 8:23
988,9/6/2023,ransomware,critical,open,Incident 988 description,Alice,11/28/2025 8:23
989,3/26/2024,phishing,low,closed,Incident 989 description,Evan,11/28/2025 8:23
990,3/2/2024,data_breach,medium,open,Incident 990 description,Evan,11/28/2025 8:23
991,4/9/2023,phishing,high,open,Incident 991 description,Alice,11/28/2025 8:23
992,8/23/2024,malware,medium,resolved,Incident 992 description,Evan,11/28/2025 8:23
993,10/20/2024,ddos,high,investigating,Incident 993 description,Evan,11/28/2025 8:23
994,5/21/2023,malware,high,resolved,Incident 994 description,Dana,11/28/2025 8:23
995,6/4/2024,unauthorized_access,low,open,Incident 995 description,Fiona,11/28/2025 8:23
996,11/6/2024,malware,high,open,Incident 996 description,Charlie,11/28/2025 8:23
997,5/23/2023,phishing,critical,open,Incident 997 description,Evan,11/28/2025 8:23
998,10/24/2023,malware,low,resolved,Incident 998 description,Dana,11/28/2025 8:23
999,11/11/2023,ransomware,high,resolved,Incident 999 description,Bob,11/28/2025 8:23
1000,8/3/2024,unauthorized_access,medium,closed,Incident 1000 description,Evan,11/28/2025 8:23
